Date and Time,Air Tmp (C) M,BP 1 Min (inHg) M,Mag WD (deg) M,RH (%) M,Solar Rad (W/m^2) M,WS (kt) M
05/02/2025 00:00:00,24.11,29.75,302,99.3,35.740000,2
05/02/2025 00:01:00,24.17,29.75,313,99.3,38.599200,2
05/02/2025 00:02:00,24.17,29.75,296,99.3,42.888000,4
05/02/2025 00:03:00,24.17,29.75,326,99.3,47.176800,3
05/02/2025 00:04:00,24.11,29.75,307,99.3,48.606400,2
05/02/2025 00:05:00,24.17,29.75,353,99.3,51.465600,3
05/02/2025 00:06:00,24.17,29.75,315,99.3,54.324800,4
05/02/2025 00:07:00,24.22,29.75,313,99.3,55.754400,2
05/02/2025 00:08:00,24.22,29.75,336,99.3,58.613600,4
05/02/2025 00:09:00,24.22,29.75,347,99.3,60.043200,5
05/02/2025 00:10:00,24.22,29.75,314,99.3,61.472800,3
05/02/2025 00:11:00,24.28,29.75,313,99.3,62.902400,4
05/02/2025 00:12:00,24.28,29.76,287,99.3,65.761600,2
05/02/2025 00:13:00,24.33,29.76,299,99.3,67.191200,3
05/02/2025 00:14:00,24.28,29.76,313,99.3,68.620800,2
05/02/2025 00:15:00,24.39,29.76,298,99.3,70.050400,3
05/02/2025 00:16:00,24.39,29.76,291,99.3,71.480000,5
05/02/2025 00:17:00,24.28,29.76,301,99.3,70.050400,4
05/02/2025 00:18:00,24.39,29.76,298,99.3,72.909600,3
05/02/2025 00:19:00,24.44,29.76,305,99.3,72.909600,4
05/02/2025 00:20:00,24.28,29.76,317,99.3,72.909600,4
05/02/2025 00:21:00,24.33,29.76,293,99.3,74.339200,5
05/02/2025 00:22:00,24.44,29.76,309,99.3,75.768800,4
05/02/2025 00:23:00,24.39,29.76,291,99.3,75.768800,4
05/02/2025 00:24:00,24.50,29.76,300,99.3,77.198400,3
05/02/2025 00:25:00,24.50,29.76,282,99.3,78.628000,3
05/02/2025 00:26:00,24.56,29.77,307,99.3,78.628000,2
05/02/2025 00:27:00,24.44,29.77,291,99.4,81.487200,3
05/02/2025 00:28:00,24.44,29.77,292,99.3,82.916800,3
05/02/2025 00:29:00,24.61,29.77,295,99.3,84.346400,3
05/02/2025 00:30:00,24.56,29.77,268,99.3,85.776000,3
05/02/2025 00:31:00,24.56,29.77,280,99.3,88.635200,4
05/02/2025 00:32:00,24.50,29.77,288,99.3,90.064800,5
05/02/2025 00:33:00,24.50,29.77,315,99.3,92.924000,4
05/02/2025 00:34:00,24.72,29.77,285,99.3,97.212800,4
05/02/2025 00:35:00,24.56,29.77,293,99.3,98.642400,5
05/02/2025 00:36:00,24.44,29.77,286,99.3,100.072000,4
05/02/2025 00:37:00,24.67,29.77,313,99.3,100.072000,4
05/02/2025 00:38:00,24.72,29.77,278,99.3,100.072000,2
05/02/2025 00:39:00,24.72,29.77,318,99.3,97.212800,3
05/02/2025 00:40:00,24.78,29.77,281,99.3,95.783200,3
05/02/2025 00:41:00,24.72,29.77,294,99.3,90.064800,5
05/02/2025 00:42:00,24.67,29.78,282,99.3,81.487200,4
05/02/2025 00:43:00,24.78,29.78,289,99.3,77.198400,7
05/02/2025 00:44:00,24.67,29.78,292,99.3,77.198400,3
05/02/2025 00:45:00,24.61,29.78,294,99.3,75.768800,6
05/02/2025 00:46:00,24.61,29.78,294,99.3,78.628000,6
05/02/2025 00:47:00,24.72,29.78,282,99.3,85.776000,6
05/02/2025 00:48:00,24.78,29.78,270,99.3,91.494400,7
05/02/2025 00:49:00,24.72,29.78,285,99.3,95.783200,6
05/02/2025 00:50:00,24.78,29.78,285,99.3,100.072000,5
05/02/2025 00:51:00,24.72,29.78,286,99.3,100.072000,6
05/02/2025 00:52:00,24.78,29.78,282,99.3,98.642400,6
05/02/2025 00:53:00,24.83,29.78,302,99.3,101.501600,6
05/02/2025 00:54:00,24.72,29.78,312,99.3,108.649600,6
05/02/2025 00:55:00,24.72,29.78,286,99.3,114.368000,3
05/02/2025 00:56:00,24.94,29.78,311,99.3,114.368000,4
05/02/2025 00:57:00,24.89,29.78,292,99.3,112.938400,6
05/02/2025 00:58:00,24.83,29.78,286,99.3,110.079200,7
05/02/2025 00:59:00,24.72,29.78,287,99.3,111.508800,7
05/02/2025 01:00:00,24.83,29.78,276,99.3,115.797600,6
05/02/2025 01:01:00,24.89,29.78,280,99.3,112.938400,6
05/02/2025 01:02:00,24.83,29.78,283,99.3,111.508800,6
05/02/2025 01:03:00,24.83,29.79,286,99.3,110.079200,6
05/02/2025 01:04:00,24.94,29.79,293,99.3,108.649600,7
05/02/2025 01:05:00,24.83,29.79,293,99.3,108.649600,6
05/02/2025 01:06:00,25.00,29.79,290,99.3,110.079200,6
05/02/2025 01:07:00,25.00,29.79,312,99.3,114.368000,5
05/02/2025 01:08:00,24.94,29.79,309,99.3,120.086400,5
05/02/2025 01:09:00,24.89,29.79,289,99.3,114.368000,5
05/02/2025 01:10:00,25.06,29.79,297,99.3,97.212800,5
05/02/2025 01:11:00,25.00,29.79,308,99.3,108.649600,4
05/02/2025 01:12:00,25.06,29.79,297,99.3,134.382400,3
05/02/2025 01:13:00,25.06,29.79,304,99.3,150.108000,4
05/02/2025 01:14:00,25.06,29.79,297,99.3,155.826400,3
05/02/2025 01:15:00,25.17,29.79,311,99.3,151.537600,4
05/02/2025 01:16:00,25.28,29.79,286,99.3,145.819200,3
05/02/2025 01:17:00,25.28,29.79,280,99.3,144.389600,6
05/02/2025 01:18:00,25.22,29.79,282,99.3,138.671200,4
05/02/2025 01:19:00,25.11,29.79,286,99.3,134.382400,4
05/02/2025 01:20:00,25.22,29.79,281,99.3,132.952800,6
05/02/2025 01:21:00,25.22,29.79,284,99.3,117.227200,5
05/02/2025 01:22:00,25.11,29.79,274,99.3,98.642400,4
05/02/2025 01:23:00,25.28,29.79,292,99.3,94.353600,4
05/02/2025 01:24:00,25.22,29.79,284,99.3,111.508800,6
05/02/2025 01:25:00,25.33,29.79,280,99.3,141.530400,5
05/02/2025 01:26:00,25.28,29.79,279,99.3,148.678400,5
05/02/2025 01:27:00,25.22,29.79,303,99.3,115.797600,3
05/02/2025 01:28:00,25.22,29.79,313,99.3,71.480000,6
05/02/2025 01:29:00,25.22,29.79,300,99.3,38.599200,5
05/02/2025 01:30:00,25.17,29.79,278,99.3,24.303200,6
05/02/2025 01:31:00,25.22,29.79,280,99.2,31.451200,5
05/02/2025 01:32:00,25.06,29.79,287,99.2,62.902400,5
05/02/2025 01:33:00,25.11,29.79,285,99.3,104.360800,7
05/02/2025 01:34:00,25.06,29.79,292,99.3,137.241600,5
05/02/2025 01:35:00,25.06,29.79,283,99.2,155.826400,7
05/02/2025 01:36:00,25.00,29.79,311,99.3,160.115200,7
05/02/2025 01:37:00,25.06,29.79,313,99.3,157.256000,4
05/02/2025 01:38:00,25.11,29.79,299,99.2,145.819200,5
05/02/2025 01:39:00,25.28,29.79,296,99.3,132.952800,6
05/02/2025 01:40:00,25.11,29.79,314,99.3,125.804800,4
05/02/2025 01:41:00,25.11,29.79,316,99.2,145.819200,5
05/02/2025 01:42:00,25.17,29.79,309,99.2,168.692800,3
05/02/2025 01:43:00,25.22,29.79,324,99.3,188.707200,3
05/02/2025 01:44:00,25.28,29.79,330,99.3,204.432800,6
05/02/2025 01:45:00,25.17,29.79,327,99.2,213.010400,5
05/02/2025 01:46:00,25.28,29.79,333,99.2,218.728800,6
05/02/2025 01:47:00,25.28,29.79,312,99.2,221.588000,4
05/02/2025 01:48:00,25.28,29.79,342,99.2,234.454400,6
05/02/2025 01:49:00,25.33,29.79,307,99.2,244.461600,4
05/02/2025 01:50:00,25.44,29.79,310,99.2,250.180000,7
05/02/2025 01:51:00,25.39,29.79,321,99.2,254.468800,5
05/02/2025 01:52:00,25.50,29.79,321,99.2,258.757600,7
05/02/2025 01:53:00,25.44,29.79,320,99.2,260.187200,4
05/02/2025 01:54:00,25.56,29.79,316,99.2,263.046400,6
05/02/2025 01:55:00,25.61,29.79,343,99.2,267.335200,4
05/02/2025 01:56:00,25.61,29.79,320,99.2,268.764800,6
05/02/2025 01:57:00,25.56,29.79,304,99.2,271.624000,4
05/02/2025 01:58:00,25.72,29.79,311,99.2,268.764800,7
05/02/2025 01:59:00,25.78,29.80,308,99.1,253.039200,4
05/02/2025 02:00:00,25.72,29.80,326,99.2,213.010400,6
05/02/2025 02:01:00,25.78,29.80,324,99.1,221.588000,4
05/02/2025 02:02:00,25.78,29.80,289,99.1,201.573600,3
05/02/2025 02:03:00,25.89,29.80,323,99.2,213.010400,7
05/02/2025 02:04:00,26.06,29.80,280,99.1,257.328000,6
05/02/2025 02:05:00,25.83,29.80,313,99.2,253.039200,6
05/02/2025 02:06:00,25.89,29.80,289,99.2,215.869600,5
05/02/2025 02:07:00,25.89,29.80,294,99.1,230.165600,6
05/02/2025 02:08:00,25.89,29.80,313,99.1,228.736000,5
05/02/2025 02:09:00,25.89,29.80,290,99.1,220.158400,4
05/02/2025 02:10:00,26.00,29.80,290,99.1,194.425600,4
05/02/2025 02:11:00,26.00,29.80,331,99.1,168.692800,5
05/02/2025 02:12:00,25.89,29.80,305,99.0,168.692800,6
05/02/2025 02:13:00,25.83,29.80,313,99.0,168.692800,6
05/02/2025 02:14:00,25.83,29.80,320,98.9,151.537600,5
05/02/2025 02:15:00,25.83,29.80,306,98.7,141.530400,5
05/02/2025 02:16:00,25.83,29.80,319,98.6,147.248800,5
05/02/2025 02:17:00,25.72,29.80,320,98.5,172.981600,4
05/02/2025 02:18:00,25.78,29.80,298,98.3,181.559200,5
05/02/2025 02:19:00,25.78,29.81,299,98.6,185.848000,6
05/02/2025 02:20:00,26.00,29.81,304,98.7,165.833600,5
05/02/2025 02:21:00,25.94,29.81,300,98.6,147.248800,2
05/02/2025 02:22:00,25.94,29.81,332,98.4,120.086400,6
05/02/2025 02:23:00,25.83,29.81,327,97.9,114.368000,6
05/02/2025 02:24:00,25.89,29.81,309,98.1,118.656800,4
05/02/2025 02:25:00,25.94,29.81,286,98.1,115.797600,4
05/02/2025 02:26:00,25.83,29.81,330,97.8,122.945600,5
05/02/2025 02:27:00,25.83,29.81,293,98.0,112.938400,6
05/02/2025 02:28:00,25.94,29.81,317,98.2,117.227200,7
05/02/2025 02:29:00,25.72,29.81,322,98.1,141.530400,3
05/02/2025 02:30:00,25.78,29.81,299,98.3,150.108000,4
05/02/2025 02:31:00,25.83,29.81,301,98.2,148.678400,4
05/02/2025 02:32:00,25.83,29.81,320,98.1,158.685600,3
05/02/2025 02:33:00,25.89,29.81,360,98.1,178.700000,6
05/02/2025 02:34:00,25.83,29.81,332,97.9,191.566400,6
05/02/2025 02:35:00,25.94,29.80,327,97.6,213.010400,6
05/02/2025 02:36:00,25.94,29.80,065,97.5,221.588000,2
05/02/2025 02:37:00,26.11,29.80,320,97.4,211.580800,6
05/02/2025 02:38:00,26.00,29.80,299,97.1,218.728800,5
05/02/2025 02:39:00,26.06,29.80,354,97.1,220.158400,4
05/02/2025 02:40:00,26.06,29.80,007,96.9,220.158400,3
05/02/2025 02:41:00,26.11,29.80,342,96.8,231.595200,6
05/02/2025 02:42:00,26.17,29.80,307,96.6,233.024800,3
05/02/2025 02:43:00,26.39,29.80,297,97.0,223.017600,5
05/02/2025 02:44:00,26.22,29.81,315,96.4,192.996000,6
05/02/2025 02:45:00,26.17,29.81,299,96.5,161.544800,6
05/02/2025 02:46:00,26.22,29.80,336,96.5,184.418400,7
05/02/2025 02:47:00,26.11,29.80,324,96.1,245.891200,7
05/02/2025 02:48:00,26.11,29.80,315,96.2,271.624000,6
05/02/2025 02:49:00,26.39,29.80,299,96.6,268.764800,4
05/02/2025 02:50:00,26.33,29.80,303,96.2,261.616800,5
05/02/2025 02:51:00,26.39,29.80,277,96.7,273.053600,6
05/02/2025 02:52:00,26.39,29.80,294,96.4,270.194400,9
05/02/2025 02:53:00,26.17,29.80,318,96.1,268.764800,6
05/02/2025 02:54:00,26.39,29.80,298,96.6,280.201600,6
05/02/2025 02:55:00,26.28,29.80,301,96.0,284.490400,4
05/02/2025 02:56:00,26.44,29.80,310,96.2,287.349600,5
05/02/2025 02:57:00,26.50,29.80,300,96.1,293.068000,5
05/02/2025 02:58:00,26.33,29.80,291,95.5,293.068000,9
05/02/2025 02:59:00,26.50,29.80,324,95.6,273.053600,6
05/02/2025 03:00:00,26.28,29.80,308,95.6,230.165600,6
05/02/2025 03:01:00,26.44,29.80,316,95.7,243.032000,5
05/02/2025 03:02:00,26.39,29.80,303,95.4,293.068000,7
05/02/2025 03:03:00,26.44,29.80,305,95.4,305.934400,5
05/02/2025 03:04:00,26.50,29.80,296,95.3,310.223200,8
05/02/2025 03:05:00,26.56,29.80,307,95.2,293.068000,6
05/02/2025 03:06:00,26.50,29.80,311,94.9,255.898400,8
05/02/2025 03:07:00,26.50,29.80,284,95.1,214.440000,5
05/02/2025 03:08:00,26.67,29.80,322,95.4,218.728800,6
05/02/2025 03:09:00,26.44,29.80,313,94.8,267.335200,5
05/02/2025 03:10:00,26.56,29.80,303,95.0,287.349600,7
05/02/2025 03:11:00,26.33,29.80,323,94.6,245.891200,8
05/02/2025 03:12:00,26.44,29.80,298,94.9,214.440000,8
05/02/2025 03:13:00,26.33,29.80,312,94.5,250.180000,10
05/02/2025 03:14:00,26.44,29.80,298,94.8,294.497600,6
05/02/2025 03:15:00,26.44,29.80,298,94.7,220.158400,7
05/02/2025 03:16:00,26.44,29.80,348,94.8,184.418400,5
05/02/2025 03:17:00,26.56,29.80,308,94.8,162.974400,4
05/02/2025 03:18:00,26.56,29.80,279,94.6,165.833600,6
05/02/2025 03:19:00,26.50,29.80,294,94.7,185.848000,10
05/02/2025 03:20:00,26.33,29.80,304,94.5,213.010400,6
05/02/2025 03:21:00,26.39,29.80,300,94.8,264.476000,8
05/02/2025 03:22:00,26.50,29.80,306,94.9,245.891200,4
05/02/2025 03:23:00,26.39,29.80,298,94.4,253.039200,7
05/02/2025 03:24:00,26.33,29.80,300,94.4,308.793600,10
05/02/2025 03:25:00,26.44,29.80,312,94.3,344.533600,4
05/02/2025 03:26:00,26.44,29.80,322,94.2,374.555200,7
05/02/2025 03:27:00,26.56,29.80,307,94.2,467.479200,4
05/02/2025 03:28:00,26.83,29.80,305,93.9,438.887200,7
05/02/2025 03:29:00,26.89,29.80,296,93.8,418.872800,5
05/02/2025 03:30:00,27.06,29.80,303,93.9,384.562400,3
05/02/2025 03:31:00,27.06,29.80,324,93.5,404.576800,5
05/02/2025 03:32:00,27.00,29.80,330,92.7,393.140000,7
05/02/2025 03:33:00,27.06,29.80,301,92.6,371.696000,5
05/02/2025 03:34:00,27.06,29.80,303,92.4,313.082400,7
05/02/2025 03:35:00,27.11,29.80,318,92.5,320.230400,6
05/02/2025 03:36:00,27.22,29.80,297,92.1,383.132800,7
05/02/2025 03:37:00,26.94,29.80,303,91.6,381.703200,6
05/02/2025 03:38:00,26.83,29.80,279,91.3,337.385600,5
05/02/2025 03:39:00,26.89,29.80,336,91.6,254.468800,7
05/02/2025 03:40:00,26.94,29.80,310,91.4,233.024800,10
05/02/2025 03:41:00,26.89,29.80,304,91.7,177.270400,5
05/02/2025 03:42:00,26.83,29.80,305,92.1,151.537600,5
05/02/2025 03:43:00,26.83,29.80,288,92.2,137.241600,9
05/02/2025 03:44:00,26.78,29.80,286,92.3,154.396800,10
05/02/2025 03:45:00,26.67,29.80,297,92.7,208.721600,7
05/02/2025 03:46:00,26.72,29.80,282,93.2,237.313600,11
05/02/2025 03:47:00,26.78,29.80,287,93.3,223.017600,12
05/02/2025 03:48:00,26.72,29.80,311,93.3,207.292000,11
05/02/2025 03:49:00,26.61,29.80,339,92.9,225.876800,7
05/02/2025 03:50:00,26.67,29.80,333,92.8,231.595200,6
05/02/2025 03:51:00,26.78,29.80,336,92.7,231.595200,3
05/02/2025 03:52:00,27.11,29.80,307,92.8,245.891200,5
05/02/2025 03:53:00,26.89,29.80,313,92.3,333.096800,7
05/02/2025 03:54:00,26.94,29.80,310,92.3,375.984800,6
05/02/2025 03:55:00,27.06,29.80,335,92.6,407.436000,4
05/02/2025 03:56:00,27.11,29.80,332,91.9,441.746400,7
05/02/2025 03:57:00,27.06,29.80,340,91.3,451.753600,7
05/02/2025 03:58:00,27.28,29.80,315,91.1,426.020800,4
05/02/2025 03:59:00,27.33,29.80,338,90.8,474.627200,6
05/02/2025 04:00:00,27.72,29.80,302,91.0,513.226400,8
05/02/2025 04:01:00,27.78,29.80,328,90.5,486.064000,7
05/02/2025 04:02:00,27.72,29.80,291,90.6,667.623200,9
05/02/2025 04:03:00,27.89,29.80,305,90.4,490.352800,11
05/02/2025 04:04:00,28.00,29.80,302,90.3,418.872800,6
05/02/2025 04:05:00,28.00,29.80,307,89.6,387.421600,9
05/02/2025 04:06:00,27.56,29.80,323,89.0,375.984800,7
05/02/2025 04:07:00,27.61,29.80,289,89.6,731.955200,6
05/02/2025 04:08:00,27.72,29.80,302,89.7,516.085600,7
05/02/2025 04:09:00,27.67,29.80,319,89.2,620.446400,7
05/02/2025 04:10:00,27.83,29.80,314,88.5,544.677600,8
05/02/2025 04:11:00,27.72,29.80,300,89.1,847.752800,8
05/02/2025 04:12:00,27.78,29.79,326,88.7,385.992000,7
05/02/2025 04:13:00,27.83,29.80,313,88.3,1032.171200,10
05/02/2025 04:14:00,27.83,29.79,318,88.0,531.811200,7
05/02/2025 04:15:00,27.72,29.79,288,87.8,368.836800,8
05/02/2025 04:16:00,28.06,29.79,313,88.2,421.732000,5
05/02/2025 04:17:00,28.17,29.79,320,87.7,703.363200,9
05/02/2025 04:18:00,28.22,29.79,356,87.4,463.190400,3
05/02/2025 04:19:00,28.39,29.79,309,86.7,749.110400,5
05/02/2025 04:20:00,28.22,29.79,341,85.8,374.555200,7
05/02/2025 04:21:00,28.39,29.79,327,85.6,343.104000,9
05/02/2025 04:22:00,28.39,29.79,312,85.3,691.926400,5
05/02/2025 04:23:00,28.67,29.79,332,86.0,849.182400,3
05/02/2025 04:24:00,28.78,29.79,331,84.7,500.360000,8
05/02/2025 04:25:00,28.94,29.79,008,84.4,892.070400,9
05/02/2025 04:26:00,28.78,29.79,345,83.1,897.788800,6
05/02/2025 04:27:00,29.00,29.79,344,82.6,942.106400,11
05/02/2025 04:28:00,28.89,29.79,331,82.2,950.684000,9
05/02/2025 04:29:00,29.06,29.79,325,82.0,567.551200,4
05/02/2025 04:30:00,28.78,29.79,312,80.8,418.872800,4
05/02/2025 04:31:00,28.67,29.79,360,81.5,919.232800,6
05/02/2025 04:32:00,28.94,29.79,321,82.0,882.063200,4
05/02/2025 04:33:00,29.17,29.79,303,82.0,1043.608000,7
05/02/2025 04:34:00,29.44,29.79,330,82.0,880.633600,11
05/02/2025 04:35:00,29.00,29.79,317,81.8,557.544000,8
05/02/2025 04:36:00,28.89,29.78,319,81.4,417.443200,5
05/02/2025 04:37:00,28.61,29.78,333,80.9,537.529600,10
05/02/2025 04:38:00,28.39,29.78,322,81.1,570.410400,8
05/02/2025 04:39:00,28.33,29.78,322,82.0,734.814400,6
05/02/2025 04:40:00,28.44,29.78,347,82.1,904.936800,8
05/02/2025 04:41:00,28.67,29.78,329,82.1,573.269600,5
05/02/2025 04:42:00,28.78,29.78,334,81.4,709.081600,7
05/02/2025 04:43:00,28.83,29.78,304,81.4,486.064000,4
05/02/2025 04:44:00,28.94,29.78,336,81.3,427.450400,5
05/02/2025 04:45:00,29.11,29.78,338,80.9,528.952000,5
05/02/2025 04:46:00,29.00,29.78,326,80.3,528.952000,6
05/02/2025 04:47:00,28.72,29.78,288,80.7,484.634400,8
05/02/2025 04:48:00,29.00,29.78,309,82.0,528.952000,8
05/02/2025 04:49:00,28.44,29.78,317,80.5,531.811200,7
05/02/2025 04:50:00,28.72,29.78,317,81.3,467.479200,10
05/02/2025 04:51:00,28.78,29.78,344,81.2,351.681600,7
05/02/2025 04:52:00,28.89,29.78,320,81.3,394.569600,10
05/02/2025 04:53:00,28.72,29.77,352,81.1,466.049600,6
05/02/2025 04:54:00,28.83,29.77,324,81.3,697.644800,16
05/02/2025 04:55:00,28.72,29.77,308,80.4,886.352000,7
05/02/2025 04:56:00,28.89,29.77,308,80.4,543.248000,3
05/02/2025 04:57:00,29.00,29.77,354,79.7,833.456800,6
05/02/2025 04:58:00,29.22,29.77,302,80.0,385.992000,8
05/02/2025 04:59:00,29.06,29.77,298,79.1,630.453600,7
05/02/2025 05:00:00,29.00,29.77,325,79.2,714.800000,8
05/02/2025 05:01:00,28.94,29.77,331,79.2,676.200800,10
05/02/2025 05:02:00,29.17,29.77,310,79.2,508.937600,10
05/02/2025 05:03:00,29.28,29.77,332,78.8,477.486400,9
05/02/2025 05:04:00,29.22,29.77,317,79.3,446.035200,5
05/02/2025 05:05:00,29.00,29.77,325,79.0,717.659200,6
05/02/2025 05:06:00,29.22,29.76,297,79.1,593.284000,6
05/02/2025 05:07:00,29.22,29.76,315,79.1,797.716800,7
05/02/2025 05:08:00,29.06,29.76,324,79.4,904.936800,10
05/02/2025 05:09:00,29.22,29.76,313,79.3,560.403200,5
05/02/2025 05:10:00,29.33,29.76,320,78.6,451.753600,7
05/02/2025 05:11:00,29.33,29.76,314,77.9,516.085600,11
05/02/2025 05:12:00,29.06,29.76,312,78.4,580.417600,5
05/02/2025 05:13:00,29.17,29.76,332,78.1,700.504000,6
05/02/2025 05:14:00,29.33,29.76,003,78.3,653.327200,5
05/02/2025 05:15:00,29.28,29.76,328,77.7,603.291200,5
05/02/2025 05:16:00,29.33,29.76,338,77.8,587.565600,7
05/02/2025 05:17:00,29.44,29.76,360,77.8,583.276800,7
05/02/2025 05:18:00,29.33,29.76,343,77.2,400.288000,4
05/02/2025 05:19:00,29.22,29.76,340,76.8,406.006400,11
05/02/2025 05:20:00,29.06,29.76,009,77.2,387.421600,11
05/02/2025 05:21:00,29.06,29.75,012,77.5,393.140000,2
05/02/2025 05:22:00,29.11,29.75,320,77.6,387.421600,5
05/02/2025 05:23:00,29.00,29.75,313,77.9,381.703200,6
05/02/2025 05:24:00,29.00,29.75,328,78.5,354.540800,8
05/02/2025 05:25:00,28.89,29.75,322,77.8,350.252000,5
05/02/2025 05:26:00,28.89,29.75,312,77.9,365.977600,6
05/02/2025 05:27:00,28.83,29.75,328,77.6,403.147200,10
05/02/2025 05:28:00,28.94,29.75,354,78.0,417.443200,5
05/02/2025 05:29:00,29.17,29.75,324,77.4,410.295200,4
05/02/2025 05:30:00,29.28,29.75,346,76.5,384.562400,11
05/02/2025 05:31:00,29.06,29.75,346,76.3,426.020800,8
05/02/2025 05:32:00,29.11,29.75,332,76.8,474.627200,7
05/02/2025 05:33:00,29.17,29.75,300,76.9,483.204800,6
05/02/2025 05:34:00,29.11,29.74,002,76.5,478.916000,4
05/02/2025 05:35:00,29.28,29.74,037,76.7,461.760800,5
05/02/2025 05:36:00,29.28,29.74,305,76.1,486.064000,6
05/02/2025 05:37:00,29.33,29.74,350,76.0,530.381600,12
05/02/2025 05:38:00,29.28,29.74,341,75.5,567.551200,7
05/02/2025 05:39:00,29.17,29.74,324,75.5,739.103200,7
05/02/2025 05:40:00,29.28,29.74,015,75.8,741.962400,8
05/02/2025 05:41:00,29.44,29.74,321,75.5,862.048800,9
05/02/2025 05:42:00,29.61,29.74,314,75.8,527.522400,3
05/02/2025 05:43:00,29.72,29.74,294,75.4,610.439200,5
05/02/2025 05:44:00,29.72,29.74,013,75.1,806.294400,5
05/02/2025 05:45:00,29.61,29.73,338,74.5,703.363200,9
05/02/2025 05:46:00,29.78,29.73,316,75.6,960.691200,3
05/02/2025 05:47:00,30.33,29.73,339,76.1,812.012800,8
05/02/2025 05:48:00,30.22,29.73,348,73.5,646.179200,7
05/02/2025 05:49:00,30.11,29.73,352,72.9,834.886400,3
05/02/2025 05:50:00,29.94,29.73,349,72.4,953.543200,6
05/02/2025 05:51:00,30.06,29.73,313,73.4,1110.799200,6
05/02/2025 05:52:00,30.06,29.73,359,72.8,647.608800,7
05/02/2025 05:53:00,30.17,29.73,345,73.0,563.262400,10
05/02/2025 05:54:00,29.89,29.73,359,72.6,510.367200,4
05/02/2025 05:55:00,29.89,29.73,005,73.2,490.352800,4
05/02/2025 05:56:00,29.94,29.73,349,72.8,600.432000,4
05/02/2025 05:57:00,29.83,29.73,349,72.1,431.739200,5
05/02/2025 05:58:00,29.67,29.73,344,72.5,421.732000,5
05/02/2025 05:59:00,29.67,29.73,319,72.5,516.085600,13
05/02/2025 06:00:00,29.50,29.73,360,72.9,681.919200,4
05/02/2025 06:01:00,29.56,29.72,024,73.2,703.363200,7
05/02/2025 06:02:00,29.44,29.72,326,73.3,464.620000,7
05/02/2025 06:03:00,29.39,29.72,352,73.5,537.529600,6
05/02/2025 06:04:00,29.44,29.72,325,73.4,889.211200,7
05/02/2025 06:05:00,29.61,29.72,352,73.4,517.515200,11
05/02/2025 06:06:00,29.78,29.72,304,73.1,611.868800,7
05/02/2025 06:07:00,29.78,29.72,323,73.2,566.121600,11
05/02/2025 06:08:00,29.89,29.72,333,72.8,690.496800,5
05/02/2025 06:09:00,30.00,29.72,294,72.7,872.056000,7
05/02/2025 06:10:00,29.89,29.72,303,71.9,547.536800,7
05/02/2025 06:11:00,29.67,29.72,323,72.2,427.450400,12
05/02/2025 06:12:00,29.67,29.72,312,73.1,397.428800,10
05/02/2025 06:13:00,29.89,29.72,354,72.7,390.280800,7
05/02/2025 06:14:00,29.72,29.72,323,71.8,358.829600,11
05/02/2025 06:15:00,29.67,29.71,306,72.0,477.486400,9
05/02/2025 06:16:00,29.44,29.71,328,71.7,501.789600,9
05/02/2025 06:17:00,29.50,29.71,319,71.8,530.381600,15
05/02/2025 06:18:00,29.50,29.71,326,72.1,587.565600,7
05/02/2025 06:19:00,29.56,29.71,339,71.6,507.508000,13
05/02/2025 06:20:00,29.50,29.71,316,71.8,437.457600,5
05/02/2025 06:21:00,29.67,29.71,322,71.9,394.569600,7
05/02/2025 06:22:00,29.61,29.71,342,72.4,377.414400,10
05/02/2025 06:23:00,29.44,29.71,342,72.1,334.526400,10
05/02/2025 06:24:00,29.56,29.71,347,72.7,370.266400,4
05/02/2025 06:25:00,29.56,29.71,347,72.3,395.999200,9
05/02/2025 06:26:00,29.50,29.71,358,72.3,364.548000,6
05/02/2025 06:27:00,29.50,29.71,349,72.1,344.533600,6
05/02/2025 06:28:00,29.39,29.71,336,72.3,310.223200,8
05/02/2025 06:29:00,29.33,29.71,326,72.4,284.490400,5
05/02/2025 06:30:00,29.44,29.71,030,72.5,260.187200,4
05/02/2025 06:31:00,29.50,29.70,012,72.6,253.039200,5
05/02/2025 06:32:00,29.50,29.70,356,72.6,257.328000,10
05/02/2025 06:33:00,29.44,29.70,359,72.4,257.328000,6
05/02/2025 06:34:00,29.44,29.70,341,73.0,270.194400,6
05/02/2025 06:35:00,29.33,29.70,339,72.9,283.060800,6
05/02/2025 06:36:00,29.39,29.70,360,73.5,280.201600,5
05/02/2025 06:37:00,29.39,29.70,308,73.1,281.631200,6
05/02/2025 06:38:00,29.50,29.70,329,73.2,274.483200,13
05/02/2025 06:39:00,29.39,29.70,326,73.1,275.912800,4
05/02/2025 06:40:00,29.33,29.70,353,72.8,287.349600,11
05/02/2025 06:41:00,29.28,29.70,359,72.7,303.075200,9
05/02/2025 06:42:00,29.28,29.70,326,73.4,334.526400,8
05/02/2025 06:43:00,29.22,29.70,334,73.2,381.703200,12
05/02/2025 06:44:00,29.28,29.70,297,73.7,411.724800,8
05/02/2025 06:45:00,29.28,29.70,327,73.5,451.753600,4
05/02/2025 06:46:00,29.39,29.70,315,73.3,433.168800,11
05/02/2025 06:47:00,29.50,29.70,312,73.3,443.176000,9
05/02/2025 06:48:00,29.44,29.70,328,72.8,436.028000,13
05/02/2025 06:49:00,29.50,29.70,334,73.1,406.006400,9
05/02/2025 06:50:00,29.56,29.70,312,73.0,431.739200,13
05/02/2025 06:51:00,29.56,29.70,327,72.5,448.894400,13
05/02/2025 06:52:00,29.50,29.69,342,72.3,433.168800,8
05/02/2025 06:53:00,29.61,29.69,339,72.3,408.865600,6
05/02/2025 06:54:00,29.61,29.69,324,72.2,403.147200,8
05/02/2025 06:55:00,29.67,29.69,334,72.3,404.576800,5
05/02/2025 06:56:00,29.83,29.69,349,71.9,395.999200,5
05/02/2025 06:57:00,29.78,29.69,326,71.3,380.273600,11
05/02/2025 06:58:00,29.72,29.69,326,71.4,361.688800,6
05/02/2025 06:59:00,29.78,29.69,029,71.8,361.688800,2
05/02/2025 07:00:00,30.00,29.69,309,71.9,447.464800,7
05/02/2025 07:01:00,29.89,29.69,312,71.0,483.204800,11
05/02/2025 07:02:00,29.83,29.70,339,71.1,501.789600,12
05/02/2025 07:03:00,29.78,29.70,337,71.0,375.984800,8
05/02/2025 07:04:00,29.94,29.70,304,70.6,307.364000,4
05/02/2025 07:05:00,29.83,29.69,340,70.5,300.216000,11
05/02/2025 07:06:00,29.83,29.69,327,70.6,374.555200,6
05/02/2025 07:07:00,29.89,29.69,321,70.8,616.157600,10
05/02/2025 07:08:00,29.83,29.69,312,70.9,656.186400,9
05/02/2025 07:09:00,29.83,29.69,332,70.1,641.890400,7
05/02/2025 07:10:00,29.94,29.69,323,70.4,593.284000,7
05/02/2025 07:11:00,30.22,29.69,309,70.3,544.677600,13
05/02/2025 07:12:00,30.11,29.69,329,69.9,543.248000,8
05/02/2025 07:13:00,30.00,29.69,333,70.1,521.804000,5
05/02/2025 07:14:00,30.17,29.69,346,70.4,513.226400,4
05/02/2025 07:15:00,30.28,29.69,360,70.1,487.493600,6
05/02/2025 07:16:00,30.28,29.68,013,69.8,466.049600,5
05/02/2025 07:17:00,30.33,29.68,315,70.2,446.035200,7
05/02/2025 07:18:00,30.28,29.68,315,69.7,423.161600,6
05/02/2025 07:19:00,30.28,29.68,342,69.4,414.584000,6
05/02/2025 07:20:00,30.17,29.68,360,69.2,456.042400,11
05/02/2025 07:21:00,30.00,29.68,026,69.4,488.923200,6
05/02/2025 07:22:00,30.11,29.68,331,69.7,517.515200,5
05/02/2025 07:23:00,30.11,29.68,357,69.6,507.508000,7
05/02/2025 07:24:00,30.11,29.68,013,69.4,446.035200,7
05/02/2025 07:25:00,30.00,29.68,315,69.6,536.100000,8
05/02/2025 07:26:00,30.11,29.68,347,69.9,513.226400,6
05/02/2025 07:27:00,30.17,29.68,326,69.5,408.865600,9
05/02/2025 07:28:00,30.11,29.68,358,69.9,353.111200,10
05/02/2025 07:29:00,30.06,29.68,012,70.2,314.512000,13
05/02/2025 07:30:00,30.06,29.68,342,70.0,390.280800,8
05/02/2025 07:31:00,30.11,29.68,317,70.6,370.266400,5
05/02/2025 07:32:00,30.11,29.68,336,70.3,393.140000,8
05/02/2025 07:33:00,30.06,29.68,320,69.9,428.880000,6
05/02/2025 07:34:00,29.94,29.68,311,70.2,466.049600,6
05/02/2025 07:35:00,30.11,29.68,350,71.0,451.753600,10
05/02/2025 07:36:00,30.11,29.68,346,70.6,474.627200,10
05/02/2025 07:37:00,30.17,29.68,302,71.1,375.984800,4
05/02/2025 07:38:00,30.33,29.68,330,71.0,340.244800,7
05/02/2025 07:39:00,30.17,29.68,355,70.3,387.421600,11
05/02/2025 07:40:00,30.17,29.67,346,70.2,384.562400,8
05/02/2025 07:41:00,30.22,29.67,325,70.4,348.822400,7
05/02/2025 07:42:00,30.33,29.67,333,70.2,397.428800,10
05/02/2025 07:43:00,30.22,29.67,330,70.3,378.844000,10
05/02/2025 07:44:00,30.00,29.67,327,70.4,413.154400,6
05/02/2025 07:45:00,30.17,29.67,323,71.0,503.219200,5
05/02/2025 07:46:00,30.28,29.67,344,70.4,416.013600,10
05/02/2025 07:47:00,30.11,29.67,308,70.1,607.580000,12
05/02/2025 07:48:00,30.00,29.67,332,69.6,471.768000,8
05/02/2025 07:49:00,30.06,29.67,359,70.2,330.237600,9
05/02/2025 07:50:00,30.11,29.67,343,69.9,343.104000,8
05/02/2025 07:51:00,30.00,29.67,336,69.8,411.724800,9
05/02/2025 07:52:00,30.06,29.67,307,70.5,341.674400,8
05/02/2025 07:53:00,30.06,29.67,357,70.2,290.208800,2
05/02/2025 07:54:00,30.22,29.67,355,70.5,284.490400,6
05/02/2025 07:55:00,30.28,29.67,323,70.1,530.381600,3
05/02/2025 07:56:00,30.39,29.67,341,70.8,568.980800,5
05/02/2025 07:57:00,30.28,29.67,344,70.1,368.836800,8
05/02/2025 07:58:00,30.33,29.67,352,69.9,320.230400,5
05/02/2025 07:59:00,30.50,29.67,321,70.3,305.934400,3
05/02/2025 08:00:00,30.44,29.67,352,69.9,213.010400,8
05/02/2025 08:01:00,30.17,29.67,353,69.3,200.144000,10
05/02/2025 08:02:00,29.94,29.67,341,69.7,211.580800,12
05/02/2025 08:03:00,29.89,29.67,314,70.1,200.144000,6
05/02/2025 08:04:00,29.89,29.67,313,70.4,208.721600,7
05/02/2025 08:05:00,29.94,29.66,317,70.8,245.891200,4
05/02/2025 08:06:00,29.94,29.66,336,70.8,275.912800,5
05/02/2025 08:07:00,30.11,29.66,358,71.0,337.385600,7
05/02/2025 08:08:00,30.06,29.66,345,70.0,231.595200,5
05/02/2025 08:09:00,29.89,29.66,344,70.1,195.855200,11
05/02/2025 08:10:00,29.78,29.66,338,70.5,124.375200,6
05/02/2025 08:11:00,29.83,29.66,332,71.1,78.628000,6
05/02/2025 08:12:00,29.78,29.67,011,71.2,62.902400,11
05/02/2025 08:13:00,29.72,29.67,014,71.9,60.043200,6
05/02/2025 08:14:00,29.50,29.67,325,72.1,61.472800,4
05/02/2025 08:15:00,29.33,29.67,043,72.1,67.191200,4
05/02/2025 08:16:00,29.11,29.67,324,72.5,74.339200,5
05/02/2025 08:17:00,29.11,29.67,355,73.1,84.346400,8
05/02/2025 08:18:00,28.89,29.67,336,72.9,92.924000,5
05/02/2025 08:19:00,28.89,29.67,331,73.4,107.220000,6
05/02/2025 08:20:00,28.89,29.67,335,73.5,141.530400,4
05/02/2025 08:21:00,28.89,29.67,353,73.8,182.988800,3
05/02/2025 08:22:00,28.78,29.67,328,73.7,224.447200,4
05/02/2025 08:23:00,28.78,29.67,360,73.9,217.299200,10
05/02/2025 08:24:00,28.83,29.67,340,74.1,231.595200,7
05/02/2025 08:25:00,28.83,29.67,334,74.3,260.187200,4
05/02/2025 08:26:00,28.89,29.67,014,74.5,233.024800,8
05/02/2025 08:27:00,28.89,29.67,010,74.5,204.432800,5
05/02/2025 08:28:00,28.94,29.67,352,74.3,185.848000,12
05/02/2025 08:29:00,28.89,29.67,343,74.2,170.122400,7
05/02/2025 08:30:00,28.89,29.67,025,74.6,162.974400,9
05/02/2025 08:31:00,28.94,29.67,360,74.9,161.544800,10
05/02/2025 08:32:00,28.89,29.67,356,74.9,171.552000,4
05/02/2025 08:33:00,28.78,29.67,337,74.9,190.136800,11
05/02/2025 08:34:00,28.72,29.67,005,75.1,207.292000,4
05/02/2025 08:35:00,28.78,29.67,331,75.3,218.728800,6
05/02/2025 08:36:00,28.67,29.67,357,74.9,230.165600,12
05/02/2025 08:37:00,28.61,29.67,316,74.7,243.032000,9
05/02/2025 08:38:00,28.67,29.67,003,74.7,247.320800,7
05/02/2025 08:39:00,28.67,29.67,324,74.9,241.602400,4
05/02/2025 08:40:00,28.67,29.67,019,74.9,228.736000,7
05/02/2025 08:41:00,28.61,29.67,337,74.7,211.580800,9
05/02/2025 08:42:00,28.67,29.67,318,74.8,200.144000,8
05/02/2025 08:43:00,28.61,29.67,034,75.0,198.714400,4
05/02/2025 08:44:00,28.78,29.67,337,75.2,203.003200,7
05/02/2025 08:45:00,28.83,29.67,330,75.2,208.721600,3
05/02/2025 08:46:00,28.83,29.67,328,74.9,213.010400,9
05/02/2025 08:47:00,28.83,29.67,344,74.9,224.447200,8
05/02/2025 08:48:00,28.83,29.67,356,75.1,245.891200,7
05/02/2025 08:49:00,28.89,29.67,299,75.0,273.053600,2
05/02/2025 08:50:00,29.06,29.67,340,75.3,331.667200,3
05/02/2025 08:51:00,29.17,29.67,359,75.3,318.800800,7
05/02/2025 08:52:00,29.22,29.67,013,74.9,331.667200,7
05/02/2025 08:53:00,29.28,29.67,324,75.0,305.934400,8
05/02/2025 08:54:00,29.33,29.67,350,74.7,297.356800,7
05/02/2025 08:55:00,29.33,29.67,023,74.1,347.392800,7
05/02/2025 08:56:00,29.39,29.67,333,74.0,278.772000,6
05/02/2025 08:57:00,29.28,29.67,314,73.6,271.624000,6
05/02/2025 08:58:00,29.28,29.67,007,74.1,264.476000,4
05/02/2025 08:59:00,29.39,29.67,319,74.1,254.468800,4
05/02/2025 09:00:00,29.33,29.67,302,74.2,248.750400,2
05/02/2025 09:01:00,29.33,29.67,319,74.3,260.187200,5
05/02/2025 09:02:00,29.33,29.67,009,74.2,265.905600,8
05/02/2025 09:03:00,29.22,29.67,344,74.3,255.898400,4
05/02/2025 09:04:00,29.28,29.67,339,74.2,245.891200,7
05/02/2025 09:05:00,29.28,29.67,005,74.4,240.172800,3
05/02/2025 09:06:00,29.28,29.67,340,74.5,234.454400,6
05/02/2025 09:07:00,29.22,29.67,297,74.5,221.588000,5
05/02/2025 09:08:00,29.28,29.67,332,74.5,225.876800,5
05/02/2025 09:09:00,29.22,29.67,341,74.1,214.440000,10
05/02/2025 09:10:00,29.11,29.67,338,74.4,210.151200,11
05/02/2025 09:11:00,29.06,29.67,022,74.2,204.432800,4
05/02/2025 09:12:00,29.11,29.67,333,74.4,201.573600,7
05/02/2025 09:13:00,29.06,29.67,344,74.4,203.003200,5
05/02/2025 09:14:00,29.11,29.67,360,74.6,190.136800,2
05/02/2025 09:15:00,29.17,29.67,331,74.7,230.165600,2
05/02/2025 09:16:00,29.17,29.67,005,74.5,225.876800,6
05/02/2025 09:17:00,29.22,29.67,357,74.4,231.595200,4
05/02/2025 09:18:00,29.22,29.67,360,74.6,303.075200,5
05/02/2025 09:19:00,29.22,29.67,318,74.7,255.898400,3
05/02/2025 09:20:00,29.22,29.67,349,74.4,204.432800,5
05/02/2025 09:21:00,29.28,29.67,029,74.7,171.552000,4
05/02/2025 09:22:00,29.22,29.67,356,74.7,158.685600,9
05/02/2025 09:23:00,29.00,29.67,008,74.7,148.678400,6
05/02/2025 09:24:00,28.94,29.67,346,75.2,141.530400,4
05/02/2025 09:25:00,28.89,29.67,046,75.1,145.819200,3
05/02/2025 09:26:00,28.89,29.67,028,75.3,152.967200,5
05/02/2025 09:27:00,28.89,29.67,348,75.5,151.537600,7
05/02/2025 09:28:00,28.89,29.67,344,75.8,150.108000,5
05/02/2025 09:29:00,29.00,29.67,340,76.0,152.967200,5
05/02/2025 09:30:00,28.89,29.67,014,76.1,154.396800,9
05/02/2025 09:31:00,28.78,29.67,013,76.4,148.678400,2
05/02/2025 09:32:00,28.83,29.67,021,76.8,152.967200,8
05/02/2025 09:33:00,28.78,29.67,028,76.7,162.974400,7
05/02/2025 09:34:00,28.72,29.67,332,76.8,175.840800,7
05/02/2025 09:35:00,28.78,29.67,003,77.0,177.270400,6
05/02/2025 09:36:00,28.78,29.67,022,77.0,174.411200,7
05/02/2025 09:37:00,28.78,29.67,345,77.0,172.981600,10
05/02/2025 09:38:00,28.78,29.67,022,77.1,172.981600,10
05/02/2025 09:39:00,28.78,29.67,339,77.0,172.981600,7
05/02/2025 09:40:00,28.83,29.67,039,77.2,171.552000,6
05/02/2025 09:41:00,28.78,29.67,357,77.1,168.692800,7
05/02/2025 09:42:00,28.78,29.67,341,77.4,164.404000,4
05/02/2025 09:43:00,28.83,29.67,007,77.4,158.685600,7
05/02/2025 09:44:00,28.72,29.67,035,77.3,151.537600,3
05/02/2025 09:45:00,28.83,29.67,305,77.7,150.108000,3
05/02/2025 09:46:00,28.78,29.67,018,77.8,147.248800,4
05/02/2025 09:47:00,28.83,29.67,039,77.9,148.678400,5
05/02/2025 09:48:00,28.83,29.67,004,77.7,148.678400,6
05/02/2025 09:49:00,28.72,29.67,337,77.5,145.819200,5
05/02/2025 09:50:00,28.72,29.67,020,77.7,141.530400,3
05/02/2025 09:51:00,28.78,29.67,356,78.0,135.812000,3
05/02/2025 09:52:00,28.83,29.67,019,77.9,127.234400,6
05/02/2025 09:53:00,28.78,29.67,024,77.8,112.938400,9
05/02/2025 09:54:00,28.72,29.67,017,77.3,105.790400,5
05/02/2025 09:55:00,28.61,29.67,333,77.6,104.360800,8
05/02/2025 09:56:00,28.61,29.67,360,77.9,115.797600,6
05/02/2025 09:57:00,28.61,29.67,008,78.2,134.382400,6
05/02/2025 09:58:00,28.67,29.67,010,78.3,151.537600,7
05/02/2025 09:59:00,28.72,29.67,145,78.4,150.108000,1
05/02/2025 10:00:00,28.72,29.67,007,78.2,138.671200,7
05/02/2025 10:01:00,28.78,29.67,036,77.9,124.375200,8
05/02/2025 10:02:00,28.78,29.67,014,78.1,112.938400,1
05/02/2025 10:03:00,28.78,29.67,355,77.9,108.649600,4
05/02/2025 10:04:00,28.67,29.67,045,77.7,105.790400,6
05/02/2025 10:05:00,28.67,29.67,333,77.8,102.931200,4
05/02/2025 10:06:00,28.61,29.67,358,77.9,101.501600,6
05/02/2025 10:07:00,28.56,29.68,036,78.0,105.790400,4
05/02/2025 10:08:00,28.56,29.68,317,78.2,102.931200,7
05/02/2025 10:09:00,28.61,29.68,026,78.4,100.072000,6
05/02/2025 10:10:00,28.56,29.68,055,78.3,97.212800,7
05/02/2025 10:11:00,28.56,29.68,016,78.5,92.924000,8
05/02/2025 10:12:00,28.56,29.68,064,78.5,82.916800,4
05/02/2025 10:13:00,28.50,29.68,019,78.6,70.050400,4
05/02/2025 10:14:00,28.50,29.68,347,78.8,57.184000,5
05/02/2025 10:15:00,28.44,29.68,025,78.8,47.176800,6
05/02/2025 10:16:00,28.44,29.68,008,79.1,41.458400,3
05/02/2025 10:17:00,28.44,29.68,004,79.4,35.740000,1
05/02/2025 10:18:00,28.39,29.68,002,79.5,32.880800,8
05/02/2025 10:19:00,28.33,29.68,331,79.6,28.592000,3
05/02/2025 10:20:00,28.39,29.68,023,79.8,24.303200,2
05/02/2025 10:21:00,28.39,29.68,349,80.0,18.584800,2
05/02/2025 10:22:00,28.28,29.68,340,80.0,12.866400,7
05/02/2025 10:23:00,28.22,29.68,033,80.1,8.577600,4
05/02/2025 10:24:00,28.17,29.69,360,80.2,7.148000,5
05/02/2025 10:25:00,28.22,29.69,340,80.5,7.148000,5
05/02/2025 10:26:00,28.22,29.69,009,80.7,7.148000,6
05/02/2025 10:27:00,28.17,29.69,348,80.7,10.007200,3
05/02/2025 10:28:00,28.11,29.69,323,80.8,12.866400,4
05/02/2025 10:29:00,28.17,29.69,317,80.9,15.725600,4
05/02/2025 10:30:00,28.11,29.69,041,81.0,17.155200,3
05/02/2025 10:31:00,28.11,29.69,317,81.3,17.155200,3
05/02/2025 10:32:00,28.06,29.69,324,81.6,18.584800,5
05/02/2025 10:33:00,28.00,29.69,061,82.0,21.444000,2
05/02/2025 10:34:00,28.00,29.69,360,82.7,24.303200,7
05/02/2025 10:35:00,27.89,29.69,017,83.1,28.592000,4
05/02/2025 10:36:00,27.83,29.69,345,83.3,31.451200,4
05/02/2025 10:37:00,27.83,29.69,029,83.7,34.310400,3
05/02/2025 10:38:00,27.78,29.69,043,83.8,37.169600,3
05/02/2025 10:39:00,27.83,29.69,031,84.1,38.599200,6
05/02/2025 10:40:00,27.83,29.69,015,84.5,38.599200,4
05/02/2025 10:41:00,27.78,29.69,360,84.5,37.169600,3
05/02/2025 10:42:00,27.78,29.69,025,84.6,35.740000,3
05/02/2025 10:43:00,27.72,29.69,015,84.7,34.310400,4
05/02/2025 10:44:00,27.67,29.69,008,84.6,31.451200,4
05/02/2025 10:45:00,27.67,29.69,007,84.8,30.021600,4
05/02/2025 10:46:00,27.61,29.69,009,84.7,27.162400,5
05/02/2025 10:47:00,27.61,29.69,333,84.6,25.732800,3
05/02/2025 10:48:00,27.67,29.69,357,84.8,25.732800,5
05/02/2025 10:49:00,27.56,29.69,339,84.6,27.162400,3
05/02/2025 10:50:00,27.61,29.69,024,84.7,28.592000,4
05/02/2025 10:51:00,27.61,29.70,011,84.7,28.592000,3
05/02/2025 10:52:00,27.67,29.70,021,84.8,24.303200,4
05/02/2025 10:53:00,27.61,29.70,359,84.8,20.014400,2
05/02/2025 10:54:00,27.61,29.70,342,84.8,17.155200,1
05/02/2025 10:55:00,27.61,29.70,036,84.9,14.296000,3
05/02/2025 10:56:00,27.61,29.70,045,84.9,11.436800,2
05/02/2025 10:57:00,27.56,29.70,358,84.9,10.007200,4
05/02/2025 10:58:00,27.56,29.70,038,84.9,8.577600,4
05/02/2025 10:59:00,27.50,29.70,039,85.0,5.718400,2
05/02/2025 11:00:00,27.50,29.70,028,85.0,2.859200,5
05/02/2025 11:01:00,27.56,29.70,006,84.9,0.000000,7
05/02/2025 11:02:00,27.50,29.70,022,84.8,0.000000,3
05/02/2025 11:03:00,27.50,29.70,018,84.8,0.000000,4
05/02/2025 11:04:00,27.44,29.70,015,84.8,0.000000,3
05/02/2025 11:05:00,27.56,29.70,009,84.9,0.000000,6
05/02/2025 11:06:00,27.50,29.70,339,84.8,0.000000,4
05/02/2025 11:07:00,27.44,29.70,023,84.8,0.000000,4
05/02/2025 11:08:00,27.44,29.70,339,84.9,0.000000,4
05/02/2025 11:09:00,27.50,29.70,037,85.1,0.000000,2
05/02/2025 11:10:00,27.39,29.70,043,85.3,0.000000,2
05/02/2025 11:11:00,27.39,29.70,030,85.5,0.000000,4
05/02/2025 11:12:00,27.39,29.70,043,85.7,0.000000,3
05/02/2025 11:13:00,27.33,29.70,026,86.1,0.000000,1
05/02/2025 11:14:00,27.28,29.70,049,86.3,0.000000,3
05/02/2025 11:15:00,27.22,29.70,360,86.5,0.000000,0
05/02/2025 11:16:00,27.17,29.70,058,86.7,0.000000,1
05/02/2025 11:17:00,27.17,29.70,028,86.8,0.000000,3
05/02/2025 11:18:00,27.22,29.70,016,87.1,0.000000,3
05/02/2025 11:19:00,27.11,29.70,016,87.2,0.000000,1
05/02/2025 11:20:00,27.11,29.70,359,87.4,0.000000,2
05/02/2025 11:21:00,27.06,29.70,359,87.6,0.000000,3
05/02/2025 11:22:00,27.11,29.71,040,87.7,0.000000,3
05/02/2025 11:23:00,27.06,29.71,015,87.9,0.000000,5
05/02/2025 11:24:00,27.06,29.71,025,88.0,0.000000,1
05/02/2025 11:25:00,27.11,29.71,010,88.2,0.000000,3
05/02/2025 11:26:00,27.06,29.71,010,88.1,0.000000,5
05/02/2025 11:27:00,27.06,29.71,025,88.2,0.000000,4
05/02/2025 11:28:00,27.06,29.71,355,88.2,0.000000,3
05/02/2025 11:29:00,27.06,29.71,340,88.2,0.000000,3
05/02/2025 11:30:00,27.06,29.71,291,88.3,0.000000,1
05/02/2025 11:31:00,27.00,29.71,034,88.3,0.000000,2
05/02/2025 11:32:00,27.00,29.71,353,88.3,0.000000,1
05/02/2025 11:33:00,27.06,29.71,359,88.4,0.000000,3
05/02/2025 11:34:00,27.06,29.71,335,88.4,0.000000,1
05/02/2025 11:35:00,27.00,29.71,012,88.5,0.000000,2
05/02/2025 11:36:00,27.00,29.72,018,88.6,0.000000,2
05/02/2025 11:37:00,27.00,29.72,030,88.6,0.000000,2
05/02/2025 11:38:00,26.94,29.72,327,88.7,0.000000,2
05/02/2025 11:39:00,26.94,29.72,024,88.9,0.000000,2
05/02/2025 11:40:00,26.89,29.72,032,89.0,0.000000,3
05/02/2025 11:41:00,26.89,29.72,015,89.1,0.000000,3
05/02/2025 11:42:00,26.89,29.72,312,89.1,0.000000,2
05/02/2025 11:43:00,26.94,29.72,015,89.1,0.000000,5
05/02/2025 11:44:00,26.94,29.72,359,89.0,0.000000,5
05/02/2025 11:45:00,26.89,29.72,045,89.0,0.000000,2
05/02/2025 11:46:00,26.94,29.72,356,89.0,0.000000,2
05/02/2025 11:47:00,26.94,29.72,041,89.0,0.000000,5
05/02/2025 11:48:00,26.94,29.72,351,89.0,0.000000,5
05/02/2025 11:49:00,26.89,29.72,345,89.1,0.000000,6
05/02/2025 11:50:00,26.94,29.72,354,89.2,0.000000,5
05/02/2025 11:51:00,26.94,29.72,310,89.3,0.000000,2
05/02/2025 11:52:00,26.89,29.72,040,89.4,0.000000,1
05/02/2025 11:53:00,26.89,29.72,025,89.5,0.000000,2
05/02/2025 11:54:00,26.89,29.72,048,89.6,0.000000,1
05/02/2025 11:55:00,26.89,29.72,040,89.7,0.000000,2
05/02/2025 11:56:00,26.89,29.72,023,89.9,0.000000,4
05/02/2025 11:57:00,26.78,29.72,015,90.0,0.000000,3
05/02/2025 11:58:00,26.78,29.72,062,90.2,0.000000,2
05/02/2025 11:59:00,26.78,29.72,357,90.3,0.000000,4
05/02/2025 12:00:00,26.83,29.72,315,90.4,0.000000,4
05/02/2025 12:01:00,26.78,29.72,322,90.6,0.000000,4
05/02/2025 12:02:00,26.78,29.72,036,90.7,0.000000,3
05/02/2025 12:03:00,26.72,29.72,034,90.8,0.000000,1
05/02/2025 12:04:00,26.78,29.72,011,91.0,0.000000,2
05/02/2025 12:05:00,26.78,29.72,040,91.1,0.000000,2
05/02/2025 12:06:00,26.78,29.72,357,91.2,0.000000,3
05/02/2025 12:07:00,26.78,29.72,039,91.2,0.000000,5
05/02/2025 12:08:00,26.78,29.72,020,91.2,0.000000,3
05/02/2025 12:09:00,26.72,29.72,357,91.3,0.000000,5
05/02/2025 12:10:00,26.72,29.72,360,91.3,0.000000,3
05/02/2025 12:11:00,26.78,29.72,010,91.2,0.000000,4
05/02/2025 12:12:00,26.78,29.72,015,91.3,0.000000,3
05/02/2025 12:13:00,26.78,29.72,023,91.2,0.000000,2
05/02/2025 12:14:00,26.78,29.72,069,91.2,0.000000,3
05/02/2025 12:15:00,26.83,29.72,011,91.2,0.000000,3
05/02/2025 12:16:00,26.78,29.73,042,91.1,0.000000,3
05/02/2025 12:17:00,26.83,29.73,344,91.1,0.000000,1
05/02/2025 12:18:00,26.78,29.73,003,91.1,0.000000,3
05/02/2025 12:19:00,26.78,29.73,360,91.1,0.000000,4
05/02/2025 12:20:00,26.78,29.73,030,91.1,0.000000,3
05/02/2025 12:21:00,26.78,29.73,357,91.1,0.000000,2
05/02/2025 12:22:00,26.83,29.73,083,91.1,0.000000,2
05/02/2025 12:23:00,26.78,29.73,057,91.2,0.000000,5
05/02/2025 12:24:00,26.83,29.73,317,91.2,0.000000,2
05/02/2025 12:25:00,26.83,29.73,326,91.2,0.000000,2
05/02/2025 12:26:00,26.78,29.73,027,91.2,0.000000,5
05/02/2025 12:27:00,26.72,29.73,346,91.3,0.000000,1
05/02/2025 12:28:00,26.72,29.73,309,91.4,0.000000,4
05/02/2025 12:29:00,26.72,29.73,360,91.4,0.000000,0
05/02/2025 12:30:00,26.67,29.73,360,91.5,0.000000,0
05/02/2025 12:31:00,26.72,29.73,018,91.5,0.000000,7
05/02/2025 12:32:00,26.72,29.73,344,91.6,0.000000,7
05/02/2025 12:33:00,26.67,29.73,002,91.6,0.000000,6
05/02/2025 12:34:00,26.67,29.73,094,91.6,0.000000,4
05/02/2025 12:35:00,26.67,29.73,328,91.6,0.000000,8
05/02/2025 12:36:00,26.56,29.74,004,91.6,0.000000,11
05/02/2025 12:37:00,26.56,29.74,004,91.8,0.000000,8
05/02/2025 12:38:00,26.56,29.74,298,91.9,0.000000,4
05/02/2025 12:39:00,26.50,29.74,018,92.2,0.000000,4
05/02/2025 12:40:00,26.39,29.74,350,92.4,0.000000,5
05/02/2025 12:41:00,26.33,29.74,012,92.7,0.000000,5
05/02/2025 12:42:00,26.28,29.74,015,93.0,0.000000,6
05/02/2025 12:43:00,26.28,29.73,013,93.3,0.000000,6
05/02/2025 12:44:00,26.17,29.74,023,93.6,0.000000,4
05/02/2025 12:45:00,26.17,29.74,336,94.0,0.000000,5
05/02/2025 12:46:00,26.17,29.74,333,94.3,0.000000,5
05/02/2025 12:47:00,26.06,29.74,030,94.6,0.000000,6
05/02/2025 12:48:00,26.06,29.74,035,94.9,0.000000,9
05/02/2025 12:49:00,26.00,29.74,349,95.3,0.000000,5
05/02/2025 12:50:00,25.94,29.74,337,95.7,0.000000,5
05/02/2025 12:51:00,26.00,29.74,037,96.0,0.000000,3
05/02/2025 12:52:00,26.00,29.74,028,96.4,0.000000,3
05/02/2025 12:53:00,25.94,29.74,006,96.7,0.000000,6
05/02/2025 12:54:00,25.89,29.74,358,97.1,0.000000,5
05/02/2025 12:55:00,25.78,29.74,355,97.4,0.000000,2
05/02/2025 12:56:00,25.78,29.74,013,97.8,0.000000,2
05/02/2025 12:57:00,25.67,29.74,044,98.1,0.000000,4
05/02/2025 12:58:00,25.67,29.74,079,98.4,0.000000,3
05/02/2025 12:59:00,25.61,29.74,043,98.8,0.000000,3
05/02/2025 13:00:00,25.61,29.74,321,99.1,0.000000,3
05/02/2025 13:01:00,25.50,29.74,074,99.2,0.000000,2
05/02/2025 13:02:00,25.44,29.75,007,99.2,0.000000,2
05/02/2025 13:03:00,25.39,29.74,109,99.2,0.000000,1
05/02/2025 13:04:00,25.28,29.74,006,99.2,0.000000,3
05/02/2025 13:05:00,25.33,29.74,333,99.3,0.000000,3
05/02/2025 13:06:00,25.22,29.74,029,99.2,0.000000,2
05/02/2025 13:07:00,25.22,29.74,030,99.2,0.000000,3
05/02/2025 13:08:00,25.17,29.74,042,99.2,0.000000,4
05/02/2025 13:09:00,25.11,29.74,360,99.2,0.000000,3
05/02/2025 13:10:00,25.17,29.75,326,99.2,0.000000,4
05/02/2025 13:11:00,25.17,29.75,020,99.2,0.000000,4
05/02/2025 13:12:00,25.11,29.75,046,99.2,0.000000,3
05/02/2025 13:13:00,25.06,29.75,062,99.2,0.000000,2
05/02/2025 13:14:00,25.11,29.75,024,99.3,0.000000,4
05/02/2025 13:15:00,25.06,29.75,045,99.3,0.000000,5
05/02/2025 13:16:00,25.11,29.75,087,99.3,0.000000,3
05/02/2025 13:17:00,25.06,29.75,318,99.3,0.000000,4
05/02/2025 13:18:00,25.00,29.75,026,99.3,0.000000,4
05/02/2025 13:19:00,25.00,29.75,030,99.2,0.000000,5
05/02/2025 13:20:00,25.06,29.75,019,99.3,0.000000,4
05/02/2025 13:21:00,25.06,29.75,067,99.3,0.000000,3
05/02/2025 13:22:00,25.00,29.75,048,99.3,0.000000,1
05/02/2025 13:23:00,25.06,29.75,016,99.2,0.000000,2
05/02/2025 13:24:00,25.06,29.75,327,99.3,0.000000,2
05/02/2025 13:25:00,25.06,29.75,037,99.3,0.000000,3
05/02/2025 13:26:00,25.00,29.75,003,99.2,0.000000,1
05/02/2025 13:27:00,25.06,29.75,360,99.3,0.000000,3
05/02/2025 13:28:00,25.06,29.75,006,99.3,0.000000,1
05/02/2025 13:29:00,25.00,29.75,328,99.3,0.000000,1
05/02/2025 13:30:00,25.06,29.75,035,99.3,0.000000,1
05/02/2025 13:31:00,25.06,29.76,360,99.2,0.000000,2
05/02/2025 13:32:00,25.06,29.76,339,99.2,0.000000,3
05/02/2025 13:33:00,25.06,29.76,346,99.3,0.000000,2
05/02/2025 13:34:00,25.11,29.76,314,99.3,0.000000,2
05/02/2025 13:35:00,25.06,29.76,013,99.3,0.000000,2
05/02/2025 13:36:00,25.06,29.76,358,99.3,0.000000,3
05/02/2025 13:37:00,25.11,29.76,008,99.3,0.000000,3
05/02/2025 13:38:00,25.06,29.76,019,99.3,0.000000,2
05/02/2025 13:39:00,25.06,29.76,350,99.3,0.000000,2
05/02/2025 13:40:00,25.06,29.76,353,99.3,0.000000,2
05/02/2025 13:41:00,25.00,29.76,345,99.3,0.000000,3
05/02/2025 13:42:00,25.11,29.76,357,99.3,0.000000,3
05/02/2025 13:43:00,25.06,29.76,005,99.3,0.000000,2
05/02/2025 13:44:00,25.06,29.76,016,99.3,0.000000,2
05/02/2025 13:45:00,25.06,29.76,053,99.3,0.000000,1
05/02/2025 13:46:00,25.00,29.76,357,99.3,0.000000,3
05/02/2025 13:47:00,25.00,29.76,343,99.3,0.000000,3
05/02/2025 13:48:00,25.06,29.76,070,99.3,0.000000,1
05/02/2025 13:49:00,25.06,29.76,020,99.3,0.000000,2
05/02/2025 13:50:00,25.06,29.76,344,99.3,0.000000,3
05/02/2025 13:51:00,25.06,29.76,346,99.3,0.000000,3
05/02/2025 13:52:00,25.00,29.76,333,99.3,0.000000,3
05/02/2025 13:53:00,25.00,29.76,334,99.3,0.000000,3
05/02/2025 13:54:00,25.06,29.76,351,99.3,0.000000,2
05/02/2025 13:55:00,25.00,29.76,002,99.3,0.000000,4
05/02/2025 13:56:00,25.00,29.76,338,99.3,0.000000,1
05/02/2025 13:57:00,25.11,29.76,337,99.3,0.000000,1
05/02/2025 13:58:00,25.11,29.76,322,99.3,0.000000,1
05/02/2025 13:59:00,25.11,29.76,003,99.3,0.000000,4
05/02/2025 14:00:00,25.11,29.76,319,99.3,0.000000,2
05/02/2025 14:01:00,25.06,29.76,324,99.3,0.000000,3
05/02/2025 14:02:00,25.06,29.76,002,99.3,0.000000,2
05/02/2025 14:03:00,25.00,29.76,345,99.3,0.000000,4
05/02/2025 14:04:00,25.00,29.76,342,99.3,0.000000,3
05/02/2025 14:05:00,25.00,29.76,002,99.3,0.000000,4
05/02/2025 14:06:00,25.00,29.77,325,99.3,0.000000,3
05/02/2025 14:07:00,25.06,29.77,326,99.3,0.000000,2
05/02/2025 14:08:00,25.06,29.77,325,99.3,0.000000,2
05/02/2025 14:09:00,25.06,29.77,012,99.3,0.000000,5
05/02/2025 14:10:00,25.06,29.77,325,99.3,0.000000,2
05/02/2025 14:11:00,25.06,29.77,308,99.3,0.000000,3
05/02/2025 14:12:00,25.00,29.77,006,99.3,0.000000,2
05/02/2025 14:13:00,25.06,29.77,314,99.3,0.000000,2
05/02/2025 14:14:00,25.06,29.77,325,99.3,0.000000,2
05/02/2025 14:15:00,25.06,29.77,352,99.3,0.000000,2
05/02/2025 14:16:00,25.06,29.77,323,99.3,0.000000,2
05/02/2025 14:17:00,25.11,29.77,336,99.3,0.000000,2
05/02/2025 14:18:00,25.06,29.77,326,99.3,0.000000,3
05/02/2025 14:19:00,25.00,29.77,302,99.3,0.000000,4
05/02/2025 14:20:00,25.00,29.77,326,99.3,0.000000,4
05/02/2025 14:21:00,25.00,29.77,339,99.3,0.000000,3
05/02/2025 14:22:00,25.06,29.77,317,99.3,0.000000,3
05/02/2025 14:23:00,25.00,29.77,318,99.3,0.000000,3
05/02/2025 14:24:00,24.94,29.78,293,99.3,0.000000,3
05/02/2025 14:25:00,24.94,29.78,311,99.3,0.000000,3
05/02/2025 14:26:00,24.94,29.78,310,99.3,0.000000,5
05/02/2025 14:27:00,24.94,29.78,313,99.3,0.000000,4
05/02/2025 14:28:00,25.00,29.78,330,99.3,0.000000,4
05/02/2025 14:29:00,25.00,29.78,301,99.4,0.000000,5
05/02/2025 14:30:00,25.00,29.78,310,99.3,0.000000,4
05/02/2025 14:31:00,25.00,29.78,305,99.3,0.000000,3
05/02/2025 14:32:00,25.00,29.78,319,99.3,0.000000,3
05/02/2025 14:33:00,25.00,29.78,294,99.3,0.000000,4
05/02/2025 14:34:00,24.94,29.78,310,99.3,0.000000,2
05/02/2025 14:35:00,25.06,29.78,287,99.3,0.000000,4
05/02/2025 14:36:00,25.00,29.78,296,99.3,0.000000,5
05/02/2025 14:37:00,25.00,29.78,311,99.3,0.000000,2
05/02/2025 14:38:00,25.06,29.78,297,99.3,0.000000,2
05/02/2025 14:39:00,25.06,29.78,334,99.3,0.000000,1
05/02/2025 14:40:00,25.06,29.78,310,99.4,0.000000,3
05/02/2025 14:41:00,25.00,29.78,281,99.3,0.000000,2
05/02/2025 14:42:00,24.94,29.78,291,99.3,0.000000,3
05/02/2025 14:43:00,24.89,29.78,320,99.3,0.000000,3
05/02/2025 14:44:00,24.89,29.78,284,99.3,0.000000,4
05/02/2025 14:45:00,24.89,29.78,286,99.3,0.000000,3
05/02/2025 14:46:00,24.89,29.78,315,99.3,0.000000,5
05/02/2025 14:47:00,24.83,29.79,278,99.4,0.000000,5
05/02/2025 14:48:00,24.89,29.79,272,99.3,0.000000,4
05/02/2025 14:49:00,24.83,29.79,275,99.3,0.000000,4
05/02/2025 14:50:00,24.83,29.79,284,99.3,0.000000,5
05/02/2025 14:51:00,24.83,29.79,286,99.3,0.000000,4
05/02/2025 14:52:00,24.83,29.79,289,99.3,0.000000,3
05/02/2025 14:53:00,24.78,29.79,292,99.3,0.000000,4
05/02/2025 14:54:00,24.78,29.79,303,99.3,0.000000,3
05/02/2025 14:55:00,24.72,29.79,307,99.3,0.000000,6
05/02/2025 14:56:00,24.78,29.79,324,99.3,0.000000,5
05/02/2025 14:57:00,24.72,29.79,306,99.3,0.000000,4
05/02/2025 14:58:00,24.78,29.79,297,99.3,0.000000,3
05/02/2025 14:59:00,24.78,29.79,286,99.4,0.000000,3
05/02/2025 15:00:00,24.78,29.79,295,99.3,0.000000,3
05/02/2025 15:01:00,24.83,29.79,310,99.3,0.000000,3
05/02/2025 15:02:00,24.78,29.79,289,99.3,0.000000,3
05/02/2025 15:03:00,24.83,29.79,293,99.4,0.000000,3
05/02/2025 15:04:00,24.78,29.80,300,99.3,0.000000,3
05/02/2025 15:05:00,24.83,29.80,291,99.3,0.000000,3
05/02/2025 15:06:00,24.83,29.80,313,99.3,0.000000,2
05/02/2025 15:07:00,24.89,29.80,301,99.3,0.000000,3
05/02/2025 15:08:00,24.83,29.80,302,99.3,0.000000,3
05/02/2025 15:09:00,24.89,29.80,288,99.3,0.000000,3
05/02/2025 15:10:00,24.89,29.80,296,99.3,0.000000,3
05/02/2025 15:11:00,24.83,29.80,287,99.3,0.000000,3
05/02/2025 15:12:00,24.83,29.80,293,99.3,0.000000,2
05/02/2025 15:13:00,24.83,29.80,278,99.3,0.000000,3
05/02/2025 15:14:00,24.89,29.80,269,99.4,0.000000,3
05/02/2025 15:15:00,24.89,29.80,253,99.3,0.000000,3
05/02/2025 15:16:00,24.89,29.80,267,99.3,0.000000,4
05/02/2025 15:17:00,24.89,29.80,272,99.3,0.000000,4
05/02/2025 15:18:00,24.89,29.80,252,99.3,0.000000,4
05/02/2025 15:19:00,24.94,29.80,262,99.3,0.000000,3
05/02/2025 15:20:00,24.94,29.80,259,99.3,0.000000,3
05/02/2025 15:21:00,24.94,29.80,258,99.4,0.000000,3
05/02/2025 15:22:00,24.94,29.80,262,99.4,0.000000,3
05/02/2025 15:23:00,24.94,29.80,247,99.3,0.000000,4
05/02/2025 15:24:00,24.94,29.80,250,99.3,0.000000,3
05/02/2025 15:25:00,25.00,29.80,243,99.4,0.000000,5
05/02/2025 15:26:00,24.94,29.80,257,99.4,0.000000,3
05/02/2025 15:27:00,24.89,29.80,239,99.3,0.000000,3
05/02/2025 15:28:00,24.89,29.80,238,99.3,0.000000,3
05/02/2025 15:29:00,24.94,29.80,250,99.3,0.000000,3
05/02/2025 15:30:00,24.89,29.80,264,99.3,0.000000,4
05/02/2025 15:31:00,24.94,29.80,262,99.4,0.000000,3
05/02/2025 15:32:00,24.89,29.80,253,99.3,0.000000,4
05/02/2025 15:33:00,24.89,29.80,261,99.3,0.000000,5
05/02/2025 15:34:00,24.89,29.80,250,99.3,0.000000,2
05/02/2025 15:35:00,24.89,29.80,262,99.3,0.000000,6
05/02/2025 15:36:00,24.89,29.80,262,99.4,0.000000,5
05/02/2025 15:37:00,24.83,29.80,261,99.4,0.000000,4
05/02/2025 15:38:00,24.78,29.80,264,99.3,0.000000,4
05/02/2025 15:39:00,24.83,29.80,274,99.3,0.000000,4
05/02/2025 15:40:00,24.78,29.80,253,99.3,0.000000,3
05/02/2025 15:41:00,24.78,29.80,276,99.3,0.000000,4
05/02/2025 15:42:00,24.78,29.80,268,99.4,0.000000,5
05/02/2025 15:43:00,24.78,29.80,297,99.3,0.000000,4
05/02/2025 15:44:00,24.72,29.80,292,99.3,0.000000,5
05/02/2025 15:45:00,24.72,29.80,275,99.3,0.000000,5
05/02/2025 15:46:00,24.67,29.80,301,99.3,0.000000,4
05/02/2025 15:47:00,24.72,29.80,299,99.4,0.000000,4
05/02/2025 15:48:00,24.67,29.80,304,99.4,0.000000,5
05/02/2025 15:49:00,24.67,29.80,297,99.4,0.000000,4
05/02/2025 15:50:00,24.67,29.80,300,99.3,0.000000,4
05/02/2025 15:51:00,24.72,29.80,298,99.4,0.000000,4
05/02/2025 15:52:00,24.67,29.80,298,99.3,0.000000,4
05/02/2025 15:53:00,24.67,29.80,308,99.3,0.000000,4
05/02/2025 15:54:00,24.72,29.79,311,99.3,0.000000,2
05/02/2025 15:55:00,24.72,29.79,316,99.3,0.000000,3
05/02/2025 15:56:00,24.72,29.79,341,99.3,0.000000,2
05/02/2025 15:57:00,24.72,29.79,315,99.3,0.000000,1
05/02/2025 15:58:00,24.72,29.79,333,99.3,0.000000,4
05/02/2025 15:59:00,24.67,29.79,347,99.3,0.000000,3
05/02/2025 16:00:00,24.72,29.79,018,99.3,0.000000,4
05/02/2025 16:01:00,24.72,29.79,019,99.3,0.000000,3
05/02/2025 16:02:00,24.67,29.79,005,99.3,0.000000,3
05/02/2025 16:03:00,24.72,29.79,348,99.3,0.000000,3
05/02/2025 16:04:00,24.67,29.79,018,99.4,0.000000,3
05/02/2025 16:05:00,24.67,29.79,017,99.3,0.000000,2
05/02/2025 16:06:00,24.72,29.79,355,99.3,0.000000,3
05/02/2025 16:07:00,24.67,29.79,360,99.3,0.000000,2
05/02/2025 16:08:00,24.72,29.79,017,99.3,0.000000,2
05/02/2025 16:09:00,24.78,29.79,342,99.3,0.000000,3
05/02/2025 16:10:00,24.72,29.79,321,99.3,0.000000,3
05/02/2025 16:11:00,24.78,29.79,340,99.3,0.000000,3
05/02/2025 16:12:00,24.78,29.79,331,99.4,0.000000,4
05/02/2025 16:13:00,24.78,29.79,344,99.3,0.000000,3
05/02/2025 16:14:00,24.78,29.79,343,99.4,0.000000,4
05/02/2025 16:15:00,24.78,29.79,325,99.3,0.000000,3
05/02/2025 16:16:00,24.67,29.79,312,99.3,0.000000,3
05/02/2025 16:17:00,24.67,29.79,314,99.3,0.000000,4
05/02/2025 16:18:00,24.67,29.79,308,99.3,0.000000,4
05/02/2025 16:19:00,24.72,29.79,324,99.3,0.000000,4
05/02/2025 16:20:00,24.67,29.79,320,99.3,0.000000,3
05/02/2025 16:21:00,24.72,29.79,324,99.4,0.000000,4
05/02/2025 16:22:00,24.72,29.79,331,99.3,0.000000,5
05/02/2025 16:23:00,24.72,29.79,331,99.4,0.000000,2
05/02/2025 16:24:00,24.78,29.79,325,99.3,0.000000,5
05/02/2025 16:25:00,24.78,29.79,332,99.3,0.000000,3
05/02/2025 16:26:00,24.72,29.79,323,99.3,0.000000,2
05/02/2025 16:27:00,24.78,29.79,338,99.3,0.000000,2
05/02/2025 16:28:00,24.78,29.79,343,99.3,0.000000,4
05/02/2025 16:29:00,24.72,29.79,351,99.3,0.000000,2
05/02/2025 16:30:00,24.72,29.79,331,99.3,0.000000,3
05/02/2025 16:31:00,24.83,29.79,359,99.4,0.000000,2
05/02/2025 16:32:00,24.78,29.79,340,99.3,0.000000,3
05/02/2025 16:33:00,24.72,29.78,312,99.3,0.000000,3
05/02/2025 16:34:00,24.72,29.78,340,99.3,0.000000,4
05/02/2025 16:35:00,24.72,29.78,333,99.3,0.000000,4
05/02/2025 16:36:00,24.72,29.78,313,99.3,0.000000,4
05/02/2025 16:37:00,24.78,29.78,334,99.3,0.000000,3
05/02/2025 16:38:00,24.72,29.78,324,99.3,0.000000,5
05/02/2025 16:39:00,24.72,29.78,332,99.3,0.000000,6
05/02/2025 16:40:00,24.72,29.78,008,99.3,0.000000,4
05/02/2025 16:41:00,24.72,29.78,359,99.3,0.000000,4
05/02/2025 16:42:00,24.78,29.78,342,99.3,0.000000,2
05/02/2025 16:43:00,24.78,29.78,337,99.3,0.000000,5
05/02/2025 16:44:00,24.72,29.78,360,99.3,0.000000,4
05/02/2025 16:45:00,24.78,29.78,325,99.3,0.000000,2
05/02/2025 16:46:00,24.72,29.78,341,99.3,0.000000,3
05/02/2025 16:47:00,24.72,29.78,333,99.4,0.000000,2
05/02/2025 16:48:00,24.72,29.78,356,99.3,0.000000,4
05/02/2025 16:49:00,24.78,29.77,316,99.3,0.000000,3
05/02/2025 16:50:00,24.78,29.77,324,99.3,0.000000,3
05/02/2025 16:51:00,24.72,29.77,332,99.3,0.000000,3
05/02/2025 16:52:00,24.78,29.77,310,99.3,0.000000,4
05/02/2025 16:53:00,24.78,29.78,349,99.3,0.000000,4
05/02/2025 16:54:00,24.78,29.77,324,99.3,0.000000,3
05/02/2025 16:55:00,24.72,29.77,315,99.3,0.000000,3
05/02/2025 16:56:00,24.78,29.77,307,99.3,0.000000,2
05/02/2025 16:57:00,24.78,29.77,315,99.3,0.000000,4
05/02/2025 16:58:00,24.78,29.78,351,99.3,0.000000,2
05/02/2025 16:59:00,24.78,29.78,314,99.3,0.000000,3
05/02/2025 17:00:00,24.72,29.78,301,99.3,0.000000,3
05/02/2025 17:01:00,24.83,29.78,332,99.3,0.000000,5
05/02/2025 17:02:00,24.72,29.78,330,99.3,0.000000,6
05/02/2025 17:03:00,24.78,29.78,310,99.3,0.000000,3
05/02/2025 17:04:00,24.78,29.78,312,99.3,0.000000,3
05/02/2025 17:05:00,24.72,29.78,325,99.3,0.000000,3
05/02/2025 17:06:00,24.72,29.78,311,99.3,0.000000,5
05/02/2025 17:07:00,24.72,29.78,301,99.3,0.000000,3
05/02/2025 17:08:00,24.72,29.78,300,99.3,0.000000,5
05/02/2025 17:09:00,24.67,29.78,296,99.3,0.000000,6
05/02/2025 17:10:00,24.72,29.78,323,99.3,0.000000,4
05/02/2025 17:11:00,24.72,29.78,332,99.3,0.000000,3
05/02/2025 17:12:00,24.72,29.78,327,99.3,0.000000,4
05/02/2025 17:13:00,24.72,29.78,317,99.3,0.000000,2
05/02/2025 17:14:00,24.72,29.78,340,99.3,0.000000,3
05/02/2025 17:15:00,24.72,29.78,326,99.3,0.000000,6
05/02/2025 17:16:00,24.72,29.78,313,99.3,0.000000,3
05/02/2025 17:17:00,24.78,29.78,010,99.3,0.000000,5
05/02/2025 17:18:00,24.78,29.78,305,99.3,0.000000,4
05/02/2025 17:19:00,24.83,29.78,315,99.3,0.000000,5
05/02/2025 17:20:00,24.78,29.78,294,99.3,0.000000,4
05/02/2025 17:21:00,24.78,29.78,310,99.3,0.000000,1
05/02/2025 17:22:00,24.83,29.78,341,99.4,0.000000,4
05/02/2025 17:23:00,24.83,29.78,353,99.3,0.000000,2
05/02/2025 17:24:00,24.83,29.78,306,99.3,0.000000,2
05/02/2025 17:25:00,24.83,29.78,314,99.3,0.000000,4
05/02/2025 17:26:00,24.83,29.78,010,99.3,0.000000,4
05/02/2025 17:27:00,24.83,29.78,340,99.3,0.000000,5
05/02/2025 17:28:00,24.83,29.78,314,99.3,0.000000,3
05/02/2025 17:29:00,24.83,29.78,301,99.3,0.000000,2
05/02/2025 17:30:00,24.83,29.78,333,99.3,0.000000,4
05/02/2025 17:31:00,24.78,29.78,323,99.3,0.000000,4
05/02/2025 17:32:00,24.72,29.78,023,99.3,0.000000,2
05/02/2025 17:33:00,24.72,29.78,322,99.3,0.000000,5
05/02/2025 17:34:00,24.78,29.78,332,99.3,0.000000,4
05/02/2025 17:35:00,24.72,29.78,327,99.3,0.000000,3
05/02/2025 17:36:00,24.72,29.78,317,99.3,0.000000,2
05/02/2025 17:37:00,24.78,29.78,308,99.3,0.000000,3
05/02/2025 17:38:00,24.72,29.78,332,99.3,0.000000,5
05/02/2025 17:39:00,24.72,29.78,309,99.3,0.000000,4
05/02/2025 17:40:00,24.72,29.78,349,99.3,0.000000,7
05/02/2025 17:41:00,24.72,29.78,314,99.3,0.000000,4
05/02/2025 17:42:00,24.67,29.78,320,99.3,0.000000,5
05/02/2025 17:43:00,24.72,29.78,320,99.3,0.000000,5
05/02/2025 17:44:00,24.67,29.78,325,99.3,0.000000,3
05/02/2025 17:45:00,24.72,29.78,319,99.3,0.000000,3
05/02/2025 17:46:00,24.72,29.78,313,99.3,0.000000,5
05/02/2025 17:47:00,24.67,29.78,320,99.3,0.000000,3
05/02/2025 17:48:00,24.72,29.78,354,99.3,0.000000,5
05/02/2025 17:49:00,24.72,29.77,308,99.3,0.000000,4
05/02/2025 17:50:00,24.72,29.77,328,99.3,0.000000,6
05/02/2025 17:51:00,24.67,29.77,339,99.3,0.000000,3
05/02/2025 17:52:00,24.72,29.77,313,99.3,0.000000,5
05/02/2025 17:53:00,24.72,29.78,325,99.3,0.000000,6
05/02/2025 17:54:00,24.72,29.77,317,99.3,0.000000,3
05/02/2025 17:55:00,24.67,29.77,323,99.3,0.000000,4
05/02/2025 17:56:00,24.72,29.77,290,99.3,0.000000,3
05/02/2025 17:57:00,24.67,29.77,315,99.3,0.000000,6
05/02/2025 17:58:00,24.72,29.78,320,99.3,0.000000,3
05/02/2025 17:59:00,24.67,29.78,296,99.3,0.000000,5
05/02/2025 18:00:00,24.61,29.78,308,99.3,0.000000,7
05/02/2025 18:01:00,24.61,29.78,345,99.3,0.000000,7
05/02/2025 18:02:00,24.61,29.78,312,99.3,0.000000,6
05/02/2025 18:03:00,24.61,29.78,313,99.3,0.000000,6
05/02/2025 18:04:00,24.61,29.78,317,99.3,0.000000,6
05/02/2025 18:05:00,24.61,29.78,315,99.3,0.000000,6
05/02/2025 18:06:00,24.61,29.78,332,99.3,0.000000,4
05/02/2025 18:07:00,24.61,29.78,334,99.3,0.000000,5
05/02/2025 18:08:00,24.56,29.78,286,99.3,0.000000,5
05/02/2025 18:09:00,24.61,29.78,317,99.3,0.000000,5
05/02/2025 18:10:00,24.56,29.78,320,99.3,0.000000,3
05/02/2025 18:11:00,24.61,29.78,317,99.3,0.000000,6
05/02/2025 18:12:00,24.56,29.78,313,99.3,0.000000,4
05/02/2025 18:13:00,24.56,29.78,329,99.3,0.000000,7
05/02/2025 18:14:00,24.56,29.78,307,99.3,0.000000,7
05/02/2025 18:15:00,24.50,29.78,322,99.3,0.000000,4
05/02/2025 18:16:00,24.50,29.78,306,99.3,0.000000,6
05/02/2025 18:17:00,24.56,29.78,314,99.3,0.000000,6
05/02/2025 18:18:00,24.56,29.78,307,99.3,0.000000,7
05/02/2025 18:19:00,24.61,29.78,323,99.3,0.000000,5
05/02/2025 18:20:00,24.56,29.78,330,99.3,0.000000,10
05/02/2025 18:21:00,24.56,29.78,323,99.3,0.000000,7
05/02/2025 18:22:00,24.56,29.78,322,99.3,0.000000,8
05/02/2025 18:23:00,24.56,29.78,325,99.3,0.000000,11
05/02/2025 18:24:00,24.56,29.78,317,99.3,0.000000,8
05/02/2025 18:25:00,24.61,29.78,315,99.3,0.000000,3
05/02/2025 18:26:00,24.56,29.78,333,99.3,0.000000,6
05/02/2025 18:27:00,24.56,29.78,332,99.3,0.000000,3
05/02/2025 18:28:00,24.56,29.78,327,99.3,0.000000,5
05/02/2025 18:29:00,24.56,29.78,312,99.3,0.000000,8
05/02/2025 18:30:00,24.61,29.78,328,99.3,0.000000,5
05/02/2025 18:31:00,24.61,29.78,332,99.3,0.000000,9
05/02/2025 18:32:00,24.56,29.78,358,99.3,0.000000,6
05/02/2025 18:33:00,24.56,29.78,341,99.3,0.000000,9
05/02/2025 18:34:00,24.56,29.78,323,99.3,0.000000,5
05/02/2025 18:35:00,24.56,29.78,338,99.3,0.000000,4
05/02/2025 18:36:00,24.56,29.78,329,99.3,0.000000,13
05/02/2025 18:37:00,24.56,29.78,327,99.3,0.000000,6
05/02/2025 18:38:00,24.56,29.78,320,99.3,0.000000,3
05/02/2025 18:39:00,24.50,29.78,320,99.3,0.000000,6
05/02/2025 18:40:00,24.50,29.78,330,99.3,0.000000,8
05/02/2025 18:41:00,24.50,29.78,323,99.3,0.000000,11
05/02/2025 18:42:00,24.50,29.78,328,99.3,0.000000,5
05/02/2025 18:43:00,24.50,29.78,322,99.3,0.000000,9
05/02/2025 18:44:00,24.50,29.78,306,99.3,0.000000,4
05/02/2025 18:45:00,24.50,29.78,339,99.3,0.000000,9
05/02/2025 18:46:00,24.44,29.78,318,99.3,0.000000,11
05/02/2025 18:47:00,24.44,29.78,327,99.3,0.000000,8
05/02/2025 18:48:00,24.39,29.78,284,99.3,0.000000,5
05/02/2025 18:49:00,24.39,29.79,300,99.3,0.000000,7
05/02/2025 18:50:00,24.39,29.79,295,99.3,0.000000,11
05/02/2025 18:51:00,24.39,29.79,280,99.3,0.000000,8
05/02/2025 18:52:00,24.22,29.79,320,99.3,0.000000,7
05/02/2025 18:53:00,24.11,29.79,296,99.3,0.000000,14
05/02/2025 18:54:00,24.06,29.79,302,99.4,0.000000,11
05/02/2025 18:55:00,24.06,29.79,314,99.3,0.000000,14
05/02/2025 18:56:00,24.11,29.79,313,99.3,0.000000,5
05/02/2025 18:57:00,24.06,29.79,302,99.3,0.000000,9
05/02/2025 18:58:00,24.06,29.79,305,99.3,0.000000,12
05/02/2025 18:59:00,24.11,29.79,311,99.3,0.000000,7
05/02/2025 19:00:00,24.06,29.79,313,99.3,0.000000,7
05/02/2025 19:01:00,23.94,29.79,310,99.3,0.000000,10
05/02/2025 19:02:00,23.89,29.79,327,99.3,0.000000,7
05/02/2025 19:03:00,23.89,29.79,336,99.3,0.000000,6
05/02/2025 19:04:00,23.78,29.78,343,99.3,0.000000,10
05/02/2025 19:05:00,23.78,29.78,306,99.3,0.000000,4
05/02/2025 19:06:00,23.78,29.78,351,99.3,0.000000,11
05/02/2025 19:07:00,23.78,29.77,307,99.3,0.000000,6
05/02/2025 19:08:00,23.67,29.77,348,99.3,0.000000,3
05/02/2025 19:09:00,23.72,29.77,023,99.3,0.000000,7
05/02/2025 19:10:00,23.67,29.77,358,99.3,0.000000,3
05/02/2025 19:11:00,23.72,29.77,337,99.3,0.000000,6
05/02/2025 19:12:00,23.67,29.77,337,99.3,0.000000,7
05/02/2025 19:13:00,23.67,29.77,351,99.3,0.000000,6
05/02/2025 19:14:00,23.67,29.77,012,99.3,0.000000,5
05/02/2025 19:15:00,23.67,29.77,342,99.3,0.000000,4
05/02/2025 19:16:00,23.67,29.76,018,99.3,0.000000,6
05/02/2025 19:17:00,23.67,29.76,031,99.3,0.000000,3
05/02/2025 19:18:00,23.61,29.76,019,99.3,0.000000,2
05/02/2025 19:19:00,23.67,29.76,022,99.3,0.000000,4
05/02/2025 19:20:00,23.67,29.76,334,99.3,0.000000,3
05/02/2025 19:21:00,23.67,29.76,329,99.3,0.000000,2
05/02/2025 19:22:00,23.67,29.76,014,99.4,0.000000,6
05/02/2025 19:23:00,23.67,29.76,331,99.3,0.000000,3
05/02/2025 19:24:00,23.72,29.76,334,99.4,0.000000,4
05/02/2025 19:25:00,23.72,29.76,344,99.4,0.000000,2
05/02/2025 19:26:00,23.72,29.76,003,99.3,0.000000,5
05/02/2025 19:27:00,23.78,29.76,313,99.3,0.000000,2
05/02/2025 19:28:00,23.78,29.76,003,99.3,0.000000,5
05/02/2025 19:29:00,23.72,29.76,326,99.3,0.000000,5
05/02/2025 19:30:00,23.72,29.76,306,99.3,0.000000,2
05/02/2025 19:31:00,23.78,29.76,351,99.4,0.000000,5
05/02/2025 19:32:00,23.78,29.76,016,99.4,0.000000,3
05/02/2025 19:33:00,23.78,29.76,318,99.3,0.000000,4
05/02/2025 19:34:00,23.72,29.76,360,99.4,0.000000,3
05/02/2025 19:35:00,23.72,29.76,326,99.3,0.000000,6
05/02/2025 19:36:00,23.72,29.76,330,99.3,0.000000,4
05/02/2025 19:37:00,23.72,29.76,340,99.4,0.000000,6
05/02/2025 19:38:00,23.78,29.76,008,99.3,0.000000,2
05/02/2025 19:39:00,23.78,29.76,333,99.3,0.000000,4
05/02/2025 19:40:00,23.72,29.76,344,99.4,0.000000,3
05/02/2025 19:41:00,23.72,29.76,008,99.3,0.000000,3
05/02/2025 19:42:00,23.72,29.76,323,99.3,0.000000,4
05/02/2025 19:43:00,23.72,29.75,339,99.4,0.000000,2
05/02/2025 19:44:00,23.72,29.75,341,99.4,0.000000,5
05/02/2025 19:45:00,23.78,29.75,319,99.3,0.000000,4
05/02/2025 19:46:00,23.72,29.75,346,99.4,0.000000,4
05/02/2025 19:47:00,23.78,29.75,328,99.4,0.000000,3
05/02/2025 19:48:00,23.78,29.75,333,99.4,0.000000,5
05/02/2025 19:49:00,23.78,29.75,338,99.4,0.000000,2
05/02/2025 19:50:00,23.78,29.75,325,99.3,0.000000,8
05/02/2025 19:51:00,23.78,29.75,349,99.4,0.000000,5
05/02/2025 19:52:00,23.78,29.75,003,99.3,0.000000,5
05/02/2025 19:53:00,23.78,29.75,330,99.4,0.000000,3
05/02/2025 19:54:00,23.78,29.75,009,99.4,0.000000,2
05/02/2025 19:55:00,23.78,29.75,356,99.4,0.000000,4
05/02/2025 19:56:00,23.83,29.75,338,99.4,0.000000,4
05/02/2025 19:57:00,23.78,29.75,355,99.4,0.000000,5
05/02/2025 19:58:00,23.78,29.75,314,99.3,0.000000,2
05/02/2025 19:59:00,23.78,29.75,333,99.4,0.000000,4
05/02/2025 20:00:00,23.83,29.75,342,99.3,0.000000,3
05/02/2025 20:01:00,23.83,29.75,353,99.4,0.000000,3
05/02/2025 20:02:00,23.83,29.75,027,99.4,0.000000,1
05/02/2025 20:03:00,23.83,29.75,321,99.3,0.000000,2
05/02/2025 20:04:00,23.83,29.75,351,99.3,0.000000,4
05/02/2025 20:05:00,23.83,29.75,352,99.4,0.000000,3
05/02/2025 20:06:00,23.83,29.75,347,99.3,0.000000,3
05/02/2025 20:07:00,23.83,29.75,303,99.4,0.000000,1
05/02/2025 20:08:00,23.83,29.75,010,99.3,0.000000,2
05/02/2025 20:09:00,23.89,29.75,003,99.3,0.000000,3
05/02/2025 20:10:00,23.83,29.74,031,99.3,0.000000,3
05/02/2025 20:11:00,23.89,29.74,350,99.4,0.000000,2
05/02/2025 20:12:00,23.89,29.74,320,99.4,0.000000,2
05/02/2025 20:13:00,23.83,29.74,330,99.3,0.000000,2
05/02/2025 20:14:00,23.89,29.74,332,99.4,0.000000,2
05/02/2025 20:15:00,23.89,29.74,347,99.3,0.000000,4
05/02/2025 20:16:00,23.83,29.74,347,99.4,0.000000,5
05/02/2025 20:17:00,23.83,29.74,355,99.3,0.000000,2
05/02/2025 20:18:00,23.83,29.74,005,99.4,0.000000,3
05/02/2025 20:19:00,23.83,29.74,342,99.3,0.000000,1
05/02/2025 20:20:00,23.83,29.74,347,99.3,0.000000,4
05/02/2025 20:21:00,23.83,29.74,322,99.4,0.000000,2
05/02/2025 20:22:00,23.83,29.74,347,99.3,0.000000,4
05/02/2025 20:23:00,23.78,29.73,347,99.3,0.000000,5
05/02/2025 20:24:00,23.78,29.73,356,99.4,0.000000,5
05/02/2025 20:25:00,23.78,29.73,334,99.4,0.000000,3
05/02/2025 20:26:00,23.78,29.73,350,99.3,0.000000,1
05/02/2025 20:27:00,23.78,29.73,332,99.4,0.000000,3
05/02/2025 20:28:00,23.78,29.73,358,99.4,0.000000,2
05/02/2025 20:29:00,23.78,29.73,339,99.4,0.000000,1
05/02/2025 20:30:00,23.78,29.73,345,99.3,0.000000,4
05/02/2025 20:31:00,23.72,29.73,356,99.3,0.000000,3
05/02/2025 20:32:00,23.72,29.73,336,99.3,0.000000,1
05/02/2025 20:33:00,23.78,29.73,005,99.4,0.000000,2
05/02/2025 20:34:00,23.78,29.73,353,99.4,0.000000,3
05/02/2025 20:35:00,23.72,29.73,346,99.4,0.000000,2
05/02/2025 20:36:00,23.78,29.73,360,99.4,0.000000,2
05/02/2025 20:37:00,23.72,29.73,356,99.4,0.000000,3
05/02/2025 20:38:00,23.78,29.73,340,99.4,0.000000,2
05/02/2025 20:39:00,23.72,29.73,344,99.4,0.000000,3
05/02/2025 20:40:00,23.78,29.73,337,99.4,0.000000,4
05/02/2025 20:41:00,23.78,29.73,347,99.4,0.000000,1
05/02/2025 20:42:00,23.78,29.73,009,99.3,0.000000,3
05/02/2025 20:43:00,23.78,29.73,333,99.3,0.000000,1
05/02/2025 20:44:00,23.78,29.73,350,99.4,0.000000,1
05/02/2025 20:45:00,23.72,29.73,006,99.3,0.000000,2
05/02/2025 20:46:00,23.78,29.73,323,99.3,0.000000,2
05/02/2025 20:47:00,23.78,29.73,360,99.4,0.000000,0
05/02/2025 20:48:00,23.78,29.73,319,99.4,0.000000,2
05/02/2025 20:49:00,23.72,29.73,311,99.4,0.000000,1
05/02/2025 20:50:00,23.78,29.73,357,99.4,0.000000,2
05/02/2025 20:51:00,23.78,29.73,339,99.4,0.000000,1
05/02/2025 20:52:00,23.78,29.73,360,99.4,0.000000,3
05/02/2025 20:53:00,23.78,29.73,334,99.4,0.000000,1
05/02/2025 20:54:00,23.78,29.73,006,99.4,0.000000,3
05/02/2025 20:55:00,23.78,29.73,025,99.4,0.000000,2
05/02/2025 20:56:00,23.72,29.73,324,99.4,0.000000,3
05/02/2025 20:57:00,23.83,29.73,019,99.4,0.000000,2
05/02/2025 20:58:00,23.83,29.73,348,99.3,0.000000,5
05/02/2025 20:59:00,23.83,29.73,357,99.3,0.000000,3
05/02/2025 21:00:00,23.78,29.73,324,99.4,0.000000,1
05/02/2025 21:01:00,23.83,29.73,351,99.4,0.000000,2
05/02/2025 21:02:00,23.78,29.73,315,99.4,0.000000,2
05/02/2025 21:03:00,23.78,29.73,331,99.4,0.000000,1
05/02/2025 21:04:00,23.78,29.73,348,99.4,0.000000,4
05/02/2025 21:05:00,23.78,29.73,337,99.4,0.000000,3
05/02/2025 21:06:00,23.78,29.73,347,99.4,0.000000,2
05/02/2025 21:07:00,23.78,29.73,330,99.4,0.000000,3
05/02/2025 21:08:00,23.83,29.73,007,99.4,0.000000,3
05/02/2025 21:09:00,23.78,29.73,355,99.4,0.000000,4
05/02/2025 21:10:00,23.78,29.73,347,99.4,0.000000,4
05/02/2025 21:11:00,23.83,29.73,347,99.4,0.000000,2
05/02/2025 21:12:00,23.78,29.73,344,99.4,0.000000,3
05/02/2025 21:13:00,23.78,29.73,311,99.4,0.000000,4
05/02/2025 21:14:00,23.78,29.73,329,99.4,0.000000,2
05/02/2025 21:15:00,23.78,29.73,358,99.4,0.000000,3
05/02/2025 21:16:00,23.78,29.73,326,99.4,0.000000,3
05/02/2025 21:17:00,23.83,29.73,309,99.4,0.000000,3
05/02/2025 21:18:00,23.78,29.73,013,99.4,0.000000,4
05/02/2025 21:19:00,23.78,29.73,325,99.4,0.000000,4
05/02/2025 21:20:00,23.78,29.73,309,99.4,0.000000,4
05/02/2025 21:21:00,23.78,29.74,320,99.4,0.000000,3
05/02/2025 21:22:00,23.78,29.74,315,99.4,0.000000,3
05/02/2025 21:23:00,23.72,29.74,298,99.4,0.000000,4
05/02/2025 21:24:00,23.72,29.74,304,99.4,0.000000,3
05/02/2025 21:25:00,23.67,29.74,317,99.3,0.000000,4
05/02/2025 21:26:00,23.72,29.74,321,99.4,0.000000,3
05/02/2025 21:27:00,23.72,29.74,301,99.4,0.000000,2
05/02/2025 21:28:00,23.72,29.74,306,99.4,0.000000,3
05/02/2025 21:29:00,23.72,29.74,314,99.4,0.000000,4
05/02/2025 21:30:00,23.78,29.74,305,99.4,0.000000,3
05/02/2025 21:31:00,23.72,29.74,321,99.4,0.000000,4
05/02/2025 21:32:00,23.78,29.74,303,99.4,0.000000,4
05/02/2025 21:33:00,23.78,29.74,314,99.4,0.000000,2
05/02/2025 21:34:00,23.83,29.74,302,99.4,0.000000,3
05/02/2025 21:35:00,23.78,29.74,308,99.4,0.000000,2
05/02/2025 21:36:00,23.83,29.74,322,99.4,0.000000,4
05/02/2025 21:37:00,23.83,29.74,289,99.4,0.000000,3
05/02/2025 21:38:00,23.83,29.74,298,99.4,0.000000,4
05/02/2025 21:39:00,23.83,29.74,334,99.4,0.000000,4
05/02/2025 21:40:00,23.83,29.75,322,99.4,0.000000,3
05/02/2025 21:41:00,23.83,29.75,321,99.4,0.000000,4
05/02/2025 21:42:00,23.83,29.75,327,99.4,0.000000,3
05/02/2025 21:43:00,23.83,29.75,306,99.4,0.000000,2
05/02/2025 21:44:00,23.89,29.75,316,99.4,0.000000,4
05/02/2025 21:45:00,23.89,29.75,320,99.4,0.000000,3
05/02/2025 21:46:00,23.89,29.75,296,99.3,0.000000,3
05/02/2025 21:47:00,23.89,29.75,338,99.3,0.000000,7
05/02/2025 21:48:00,23.89,29.75,318,99.4,0.000000,5
05/02/2025 21:49:00,23.89,29.75,323,99.4,0.000000,3
05/02/2025 21:50:00,23.94,29.75,326,99.4,0.000000,6
05/02/2025 21:51:00,23.89,29.75,321,99.4,0.000000,3
05/02/2025 21:52:00,23.94,29.75,318,99.4,0.000000,3
05/02/2025 21:53:00,23.94,29.75,309,99.4,0.000000,4
05/02/2025 21:54:00,23.94,29.75,341,99.4,0.000000,2
05/02/2025 21:55:00,23.94,29.75,337,99.4,0.000000,3
05/02/2025 21:56:00,24.00,29.75,334,99.4,0.000000,5
05/02/2025 21:57:00,23.94,29.75,320,99.4,0.000000,3
05/02/2025 21:58:00,23.94,29.75,351,99.4,0.000000,3
05/02/2025 21:59:00,24.00,29.75,321,99.4,0.000000,5
05/02/2025 22:00:00,24.00,29.75,353,99.4,0.000000,4
05/02/2025 22:01:00,24.00,29.75,317,99.4,0.000000,7
05/02/2025 22:02:00,24.06,29.75,342,99.4,0.000000,5
05/02/2025 22:03:00,24.00,29.75,351,99.4,0.000000,3
05/02/2025 22:04:00,24.00,29.75,003,99.4,0.000000,3
05/02/2025 22:05:00,24.00,29.75,345,99.4,0.000000,5
05/02/2025 22:06:00,24.00,29.75,333,99.4,0.000000,4
05/02/2025 22:07:00,24.00,29.75,322,99.4,0.000000,4
05/02/2025 22:08:00,24.06,29.75,333,99.4,0.000000,5
05/02/2025 22:09:00,24.00,29.75,354,99.4,0.000000,6
05/02/2025 22:10:00,24.06,29.75,334,99.4,0.000000,2
05/02/2025 22:11:00,24.00,29.75,358,99.4,0.000000,3
05/02/2025 22:12:00,24.00,29.75,017,99.4,0.000000,5
05/02/2025 22:13:00,23.94,29.75,007,99.4,0.000000,5
05/02/2025 22:14:00,24.00,29.75,349,99.4,0.000000,5
05/02/2025 22:15:00,24.00,29.75,318,99.4,0.000000,5
05/02/2025 22:16:00,24.00,29.75,351,99.4,0.000000,4
05/02/2025 22:17:00,24.00,29.75,334,99.4,0.000000,6
05/02/2025 22:18:00,23.94,29.75,306,99.4,0.000000,6
05/02/2025 22:19:00,24.00,29.75,317,99.4,0.000000,4
05/02/2025 22:20:00,24.00,29.75,323,99.4,0.000000,6
05/02/2025 22:21:00,23.94,29.75,338,99.4,0.000000,4
05/02/2025 22:22:00,23.94,29.75,310,99.4,0.000000,4
05/02/2025 22:23:00,23.94,29.75,328,99.4,0.000000,4
05/02/2025 22:24:00,23.94,29.75,330,99.4,0.000000,7
05/02/2025 22:25:00,23.94,29.75,311,99.4,0.000000,6
05/02/2025 22:26:00,23.94,29.75,339,99.4,0.000000,4
05/02/2025 22:27:00,23.94,29.75,311,99.4,0.000000,5
05/02/2025 22:28:00,23.94,29.75,324,99.4,0.000000,4
05/02/2025 22:29:00,23.94,29.75,303,99.4,0.000000,4
05/02/2025 22:30:00,23.94,29.75,309,99.4,0.000000,4
05/02/2025 22:31:00,24.00,29.75,326,99.4,0.000000,6
05/02/2025 22:32:00,24.00,29.75,342,99.4,0.000000,5
05/02/2025 22:33:00,24.00,29.75,343,99.4,0.000000,3
05/02/2025 22:34:00,24.06,29.75,314,99.4,0.000000,7
05/02/2025 22:35:00,23.94,29.75,333,99.4,0.000000,7
05/02/2025 22:36:00,23.94,29.75,318,99.4,0.000000,8
05/02/2025 22:37:00,24.00,29.75,317,99.4,0.000000,3
05/02/2025 22:38:00,24.00,29.75,306,99.4,0.000000,4
05/02/2025 22:39:00,24.00,29.76,357,99.4,0.000000,3
05/02/2025 22:40:00,24.00,29.76,320,99.4,0.000000,7
05/02/2025 22:41:00,23.94,29.76,312,99.4,0.000000,5
05/02/2025 22:42:00,24.00,29.76,322,99.4,0.000000,4
05/02/2025 22:43:00,24.00,29.76,347,99.4,0.000000,8
05/02/2025 22:44:00,23.94,29.76,341,99.4,0.000000,6
05/02/2025 22:45:00,24.00,29.76,338,99.4,0.000000,6
05/02/2025 22:46:00,23.94,29.76,323,99.4,0.000000,8
05/02/2025 22:47:00,24.00,29.76,334,99.4,0.000000,7
05/02/2025 22:48:00,24.00,29.76,337,99.4,0.000000,6
05/02/2025 22:49:00,24.00,29.76,314,99.4,0.000000,7
05/02/2025 22:50:00,23.94,29.76,318,99.4,0.000000,6
05/02/2025 22:51:00,24.00,29.76,340,99.4,0.000000,3
05/02/2025 22:52:00,23.94,29.76,318,99.4,0.000000,5
05/02/2025 22:53:00,24.00,29.76,305,99.4,0.000000,5
05/02/2025 22:54:00,23.94,29.76,314,99.4,0.000000,7
05/02/2025 22:55:00,23.94,29.76,305,99.4,0.000000,4
05/02/2025 22:56:00,24.00,29.76,311,99.4,0.000000,8
05/02/2025 22:57:00,23.94,29.76,311,99.4,0.000000,6
05/02/2025 22:58:00,23.94,29.76,341,99.4,0.000000,3
05/02/2025 22:59:00,23.94,29.76,299,99.4,0.000000,4
05/02/2025 23:00:00,24.00,29.76,298,99.4,0.000000,5
05/02/2025 23:01:00,24.00,29.77,336,99.4,0.000000,3
05/02/2025 23:02:00,23.94,29.77,356,99.4,0.000000,5
05/02/2025 23:03:00,24.00,29.77,322,99.4,0.000000,7
05/02/2025 23:04:00,23.94,29.77,307,99.4,0.000000,5
05/02/2025 23:05:00,24.00,29.77,309,99.4,0.000000,8
05/02/2025 23:06:00,24.00,29.77,316,99.4,0.000000,5
05/02/2025 23:07:00,24.00,29.77,325,99.4,0.000000,6
05/02/2025 23:08:00,24.00,29.77,323,99.4,0.000000,6
05/02/2025 23:09:00,24.00,29.77,314,99.4,0.000000,3
05/02/2025 23:10:00,24.00,29.77,316,99.4,0.000000,7
05/02/2025 23:11:00,24.00,29.77,328,99.4,0.000000,6
05/02/2025 23:12:00,24.00,29.77,311,99.4,0.000000,5
05/02/2025 23:13:00,24.00,29.77,334,99.4,0.000000,4
05/02/2025 23:14:00,23.94,29.77,324,99.4,0.000000,4
05/02/2025 23:15:00,24.00,29.77,330,99.4,0.000000,3
05/02/2025 23:16:00,24.00,29.77,323,99.4,0.000000,6
05/02/2025 23:17:00,24.00,29.77,310,99.4,0.000000,5
05/02/2025 23:18:00,23.94,29.77,336,99.4,0.000000,5
05/02/2025 23:19:00,24.00,29.77,317,99.4,0.000000,5
05/02/2025 23:20:00,23.94,29.77,340,99.4,0.000000,3
05/02/2025 23:21:00,24.00,29.77,301,99.4,0.000000,3
05/02/2025 23:22:00,23.94,29.77,325,99.4,0.000000,4
05/02/2025 23:23:00,23.94,29.77,314,99.4,0.000000,6
05/02/2025 23:24:00,24.00,29.77,312,99.4,0.000000,2
05/02/2025 23:25:00,23.94,29.77,311,99.4,0.000000,4
05/02/2025 23:26:00,24.06,29.77,329,99.4,0.000000,3
05/02/2025 23:27:00,24.00,29.77,338,99.4,0.000000,3
05/02/2025 23:28:00,24.00,29.77,312,99.4,0.000000,5
05/02/2025 23:29:00,24.00,29.77,322,99.4,0.000000,5
05/02/2025 23:30:00,24.00,29.77,327,99.4,1.429600,5
05/02/2025 23:31:00,24.00,29.77,360,99.4,1.429600,3
05/02/2025 23:32:00,24.00,29.77,325,99.4,2.859200,4
05/02/2025 23:33:00,24.00,29.77,329,99.4,4.288800,3
05/02/2025 23:34:00,24.00,29.77,317,99.4,5.718400,2
05/02/2025 23:35:00,24.00,29.77,025,99.4,5.718400,4
05/02/2025 23:36:00,24.06,29.77,333,99.4,7.148000,3
05/02/2025 23:37:00,24.06,29.77,315,99.4,8.577600,5
05/02/2025 23:38:00,24.00,29.77,005,99.4,10.007200,2
05/02/2025 23:39:00,24.00,29.77,336,99.4,11.436800,5
05/02/2025 23:40:00,24.00,29.77,320,99.4,11.436800,4
05/02/2025 23:41:00,24.00,29.77,352,99.4,12.866400,2
05/02/2025 23:42:00,23.94,29.77,033,99.4,14.296000,2
05/02/2025 23:43:00,24.00,29.77,334,99.4,15.725600,3
05/02/2025 23:44:00,24.00,29.77,337,99.4,17.155200,3
05/02/2025 23:45:00,24.06,29.77,003,99.4,18.584800,7
05/02/2025 23:46:00,24.00,29.77,339,99.4,18.584800,3
05/02/2025 23:47:00,24.06,29.77,328,99.4,20.014400,5
05/02/2025 23:48:00,24.06,29.77,322,99.4,22.873600,3
05/02/2025 23:49:00,24.06,29.77,336,99.4,24.303200,2
05/02/2025 23:50:00,24.06,29.77,312,99.4,24.303200,2
05/02/2025 23:51:00,24.06,29.77,360,99.4,25.732800,2
05/02/2025 23:52:00,24.06,29.77,343,99.4,27.162400,4
05/02/2025 23:53:00,24.11,29.77,357,99.4,28.592000,2
05/02/2025 23:54:00,24.06,29.77,354,99.4,30.021600,2
05/02/2025 23:55:00,24.11,29.77,008,99.4,31.451200,3
05/02/2025 23:56:00,24.11,29.77,304,99.4,32.880800,2
05/02/2025 23:57:00,24.11,29.77,320,99.4,34.310400,2
05/02/2025 23:58:00,24.11,29.77,311,99.4,35.740000,3
05/02/2025 23:59:00,24.11,29.77,341,99.4,37.169600,3
06/02/2025 00:00:00,24.06,29.77,306,99.4,38.599200,3
06/02/2025 00:01:00,24.06,29.77,329,99.4,40.028800,3
06/02/2025 00:02:00,24.11,29.77,019,99.4,41.458400,2
06/02/2025 00:03:00,24.11,29.77,319,99.4,42.888000,3
06/02/2025 00:04:00,24.11,29.77,341,99.3,44.317600,3
06/02/2025 00:05:00,24.17,29.77,346,99.4,45.747200,1
06/02/2025 00:06:00,24.17,29.77,337,99.4,47.176800,2
06/02/2025 00:07:00,24.11,29.77,320,99.4,48.606400,6
06/02/2025 00:08:00,24.11,29.77,331,99.4,50.036000,6
06/02/2025 00:09:00,24.06,29.77,323,99.4,50.036000,5
06/02/2025 00:10:00,24.11,29.78,319,99.4,51.465600,4
06/02/2025 00:11:00,24.11,29.78,319,99.4,52.895200,4
06/02/2025 00:12:00,24.17,29.77,338,99.4,52.895200,4
06/02/2025 00:13:00,24.22,29.77,009,99.4,55.754400,4
06/02/2025 00:14:00,24.11,29.78,347,99.3,57.184000,2
06/02/2025 00:15:00,24.11,29.78,356,99.4,58.613600,4
06/02/2025 00:16:00,24.11,29.78,320,99.4,61.472800,5
06/02/2025 00:17:00,24.17,29.78,317,99.4,62.902400,4
06/02/2025 00:18:00,24.17,29.78,309,99.4,65.761600,2
06/02/2025 00:19:00,24.28,29.78,333,99.4,68.620800,2
06/02/2025 00:20:00,24.22,29.78,309,99.4,71.480000,6
06/02/2025 00:21:00,24.17,29.78,341,99.4,75.768800,3
06/02/2025 00:22:00,24.17,29.78,293,99.4,80.057600,3
06/02/2025 00:23:00,24.22,29.78,324,99.4,84.346400,4
06/02/2025 00:24:00,24.22,29.78,320,99.4,90.064800,4
06/02/2025 00:25:00,24.28,29.78,328,99.4,94.353600,4
06/02/2025 00:26:00,24.28,29.78,323,99.4,97.212800,5
06/02/2025 00:27:00,24.33,29.78,310,99.4,98.642400,4
06/02/2025 00:28:00,24.39,29.78,302,99.4,98.642400,3
06/02/2025 00:29:00,24.33,29.78,009,99.4,102.931200,4
06/02/2025 00:30:00,24.33,29.78,311,99.4,108.649600,4
06/02/2025 00:31:00,24.28,29.78,314,99.4,117.227200,4
06/02/2025 00:32:00,24.33,29.78,327,99.4,121.516000,6
06/02/2025 00:33:00,24.33,29.78,315,99.4,141.530400,4
06/02/2025 00:34:00,24.39,29.78,327,99.4,152.967200,4
06/02/2025 00:35:00,24.50,29.78,326,99.4,164.404000,4
06/02/2025 00:36:00,24.56,29.78,311,99.4,175.840800,4
06/02/2025 00:37:00,24.50,29.78,320,99.4,182.988800,4
06/02/2025 00:38:00,24.50,29.78,307,99.4,191.566400,5
06/02/2025 00:39:00,24.44,29.78,325,99.4,198.714400,4
06/02/2025 00:40:00,24.50,29.78,346,99.4,207.292000,3
06/02/2025 00:41:00,24.50,29.78,314,99.3,208.721600,4
06/02/2025 00:42:00,24.72,29.78,317,99.4,194.425600,2
06/02/2025 00:43:00,24.83,29.78,354,99.4,194.425600,5
06/02/2025 00:44:00,24.83,29.78,321,99.4,200.144000,5
06/02/2025 00:45:00,24.67,29.78,314,99.3,200.144000,5
06/02/2025 00:46:00,24.72,29.78,308,99.4,204.432800,5
06/02/2025 00:47:00,24.83,29.78,337,99.4,205.862400,4
06/02/2025 00:48:00,24.83,29.78,328,99.4,224.447200,7
06/02/2025 00:49:00,25.00,29.78,346,99.4,230.165600,2
06/02/2025 00:50:00,24.94,29.78,320,99.3,235.884000,3
06/02/2025 00:51:00,25.00,29.78,318,99.4,180.129600,4
06/02/2025 00:52:00,24.78,29.78,308,99.3,255.898400,6
06/02/2025 00:53:00,24.78,29.78,321,99.3,255.898400,4
06/02/2025 00:54:00,24.89,29.78,308,99.3,234.454400,6
06/02/2025 00:55:00,24.94,29.78,315,99.3,192.996000,6
06/02/2025 00:56:00,25.06,29.78,339,99.3,192.996000,4
06/02/2025 00:57:00,25.17,29.78,311,99.3,178.700000,5
06/02/2025 00:58:00,24.94,29.79,318,99.3,224.447200,4
06/02/2025 00:59:00,25.17,29.79,335,99.3,172.981600,4
06/02/2025 01:00:00,25.22,29.79,305,99.3,151.537600,3
06/02/2025 01:01:00,25.06,29.79,340,99.3,150.108000,4
06/02/2025 01:02:00,25.00,29.79,317,99.3,152.967200,5
06/02/2025 01:03:00,25.11,29.79,309,99.3,155.826400,5
06/02/2025 01:04:00,25.06,29.79,320,99.3,158.685600,8
06/02/2025 01:05:00,24.94,29.79,323,99.3,167.263200,5
06/02/2025 01:06:00,24.94,29.79,318,99.3,168.692800,4
06/02/2025 01:07:00,24.94,29.79,321,99.3,205.862400,7
06/02/2025 01:08:00,24.94,29.79,307,99.3,231.595200,6
06/02/2025 01:09:00,25.06,29.79,309,99.3,214.440000,5
06/02/2025 01:10:00,25.06,29.79,317,99.2,224.447200,6
06/02/2025 01:11:00,25.17,29.79,301,99.3,357.400000,7
06/02/2025 01:12:00,25.28,29.79,305,99.3,337.385600,3
06/02/2025 01:13:00,25.28,29.79,293,99.3,285.920000,8
06/02/2025 01:14:00,25.39,29.79,314,99.3,337.385600,6
06/02/2025 01:15:00,25.44,29.79,299,99.2,400.288000,7
06/02/2025 01:16:00,25.78,29.79,312,99.2,377.414400,5
06/02/2025 01:17:00,25.61,29.79,302,99.3,301.645600,7
06/02/2025 01:18:00,25.50,29.79,311,99.3,291.638400,6
06/02/2025 01:19:00,25.44,29.79,305,99.2,390.280800,6
06/02/2025 01:20:00,25.67,29.79,316,99.2,215.869600,8
06/02/2025 01:21:00,25.61,29.79,301,99.2,191.566400,5
06/02/2025 01:22:00,25.50,29.79,321,99.2,195.855200,5
06/02/2025 01:23:00,25.50,29.79,314,99.2,213.010400,7
06/02/2025 01:24:00,25.61,29.79,349,99.3,155.826400,5
06/02/2025 01:25:00,25.67,29.79,316,99.3,110.079200,4
06/02/2025 01:26:00,25.67,29.79,316,99.3,181.559200,6
06/02/2025 01:27:00,25.61,29.80,306,99.3,203.003200,3
06/02/2025 01:28:00,25.56,29.80,316,99.2,221.588000,7
06/02/2025 01:29:00,25.50,29.80,310,99.2,203.003200,7
06/02/2025 01:30:00,25.50,29.80,315,99.2,214.440000,9
06/02/2025 01:31:00,25.44,29.80,308,99.2,223.017600,7
06/02/2025 01:32:00,25.56,29.80,320,99.2,211.580800,4
06/02/2025 01:33:00,25.72,29.80,284,99.2,215.869600,7
06/02/2025 01:34:00,25.39,29.80,294,99.2,195.855200,9
06/02/2025 01:35:00,25.50,29.80,305,99.2,182.988800,5
06/02/2025 01:36:00,25.67,29.80,312,99.3,160.115200,6
06/02/2025 01:37:00,25.61,29.80,297,99.3,158.685600,9
06/02/2025 01:38:00,25.50,29.80,338,99.2,195.855200,6
06/02/2025 01:39:00,25.50,29.80,294,99.2,225.876800,6
06/02/2025 01:40:00,25.56,29.80,345,99.2,260.187200,5
06/02/2025 01:41:00,25.61,29.80,321,99.2,314.512000,8
06/02/2025 01:42:00,25.67,29.80,319,99.2,428.880000,5
06/02/2025 01:43:00,25.89,29.80,302,99.2,365.977600,3
06/02/2025 01:44:00,25.89,29.80,327,99.2,315.941600,6
06/02/2025 01:45:00,26.22,29.80,304,99.2,390.280800,4
06/02/2025 01:46:00,26.28,29.80,301,99.2,528.952000,5
06/02/2025 01:47:00,26.39,29.80,287,99.2,317.371200,7
06/02/2025 01:48:00,26.44,29.80,301,99.2,280.201600,4
06/02/2025 01:49:00,26.28,29.80,266,99.2,228.736000,4
06/02/2025 01:50:00,26.22,29.80,282,99.2,175.840800,5
06/02/2025 01:51:00,26.33,29.80,318,99.2,180.129600,5
06/02/2025 01:52:00,26.17,29.80,302,99.2,194.425600,8
06/02/2025 01:53:00,26.06,29.80,301,99.1,187.277600,9
06/02/2025 01:54:00,26.11,29.80,305,99.2,174.411200,7
06/02/2025 01:55:00,26.00,29.80,303,99.2,137.241600,8
06/02/2025 01:56:00,26.00,29.81,303,99.2,151.537600,6
06/02/2025 01:57:00,25.94,29.81,288,99.1,195.855200,8
06/02/2025 01:58:00,26.11,29.81,305,99.2,203.003200,7
06/02/2025 01:59:00,26.11,29.81,290,99.2,205.862400,8
06/02/2025 02:00:00,26.06,29.81,306,99.2,195.855200,5
06/02/2025 02:01:00,26.17,29.81,301,99.2,192.996000,7
06/02/2025 02:02:00,26.28,29.81,308,99.2,213.010400,4
06/02/2025 02:03:00,26.22,29.81,322,99.1,307.364000,5
06/02/2025 02:04:00,26.11,29.81,302,99.2,548.966400,5
06/02/2025 02:05:00,26.22,29.81,332,99.2,354.540800,4
06/02/2025 02:06:00,26.56,29.81,299,99.2,300.216000,8
06/02/2025 02:07:00,26.44,29.81,286,99.2,280.201600,7
06/02/2025 02:08:00,26.33,29.81,305,99.1,231.595200,7
06/02/2025 02:09:00,26.11,29.81,295,99.1,207.292000,7
06/02/2025 02:10:00,26.22,29.81,306,99.2,218.728800,7
06/02/2025 02:11:00,26.22,29.81,288,99.2,275.912800,10
06/02/2025 02:12:00,26.22,29.81,293,99.1,317.371200,9
06/02/2025 02:13:00,26.11,29.81,298,99.1,341.674400,9
06/02/2025 02:14:00,26.22,29.81,315,99.1,371.696000,4
06/02/2025 02:15:00,26.33,29.81,290,99.1,280.201600,6
06/02/2025 02:16:00,26.33,29.81,296,99.1,311.652800,5
06/02/2025 02:17:00,26.67,29.81,283,99.1,291.638400,8
06/02/2025 02:18:00,26.44,29.81,305,99.2,334.526400,6
06/02/2025 02:19:00,26.56,29.81,314,98.8,490.352800,6
06/02/2025 02:20:00,26.56,29.82,296,98.6,474.627200,6
06/02/2025 02:21:00,26.67,29.82,317,98.3,283.060800,7
06/02/2025 02:22:00,26.56,29.82,307,98.0,233.024800,5
06/02/2025 02:23:00,26.67,29.82,290,98.1,228.736000,6
06/02/2025 02:24:00,26.56,29.82,330,97.5,221.588000,9
06/02/2025 02:25:00,26.39,29.82,293,97.3,227.306400,6
06/02/2025 02:26:00,26.50,29.82,308,97.5,260.187200,10
06/02/2025 02:27:00,26.44,29.82,325,96.9,293.068000,8
06/02/2025 02:28:00
06/02/2025 02:29:00
06/02/2025 02:30:00
06/02/2025 02:31:00
06/02/2025 02:32:00
06/02/2025 02:33:00
06/02/2025 02:34:00
06/02/2025 02:35:00
06/02/2025 02:36:00
06/02/2025 02:37:00
06/02/2025 02:38:00
06/02/2025 02:39:00
06/02/2025 02:40:00
06/02/2025 02:41:00
06/02/2025 02:42:00
06/02/2025 02:43:00
06/02/2025 02:44:00
06/02/2025 02:45:00
06/02/2025 02:46:00
06/02/2025 02:47:00
06/02/2025 02:48:00
06/02/2025 02:49:00
06/02/2025 02:50:00
06/02/2025 02:51:00
06/02/2025 02:52:00
06/02/2025 02:53:00
06/02/2025 02:54:00
06/02/2025 02:55:00
06/02/2025 02:56:00
06/02/2025 02:57:00
06/02/2025 02:58:00
06/02/2025 02:59:00
06/02/2025 03:00:00
06/02/2025 03:01:00
06/02/2025 03:02:00
06/02/2025 03:03:00
06/02/2025 03:04:00
06/02/2025 03:05:00
06/02/2025 03:06:00
06/02/2025 03:07:00
06/02/2025 03:08:00
06/02/2025 03:09:00
06/02/2025 03:10:00
06/02/2025 03:11:00
06/02/2025 03:12:00
06/02/2025 03:13:00
06/02/2025 03:14:00
06/02/2025 03:15:00
06/02/2025 03:16:00
06/02/2025 03:17:00
06/02/2025 03:18:00
06/02/2025 03:19:00
06/02/2025 03:20:00
06/02/2025 03:21:00
06/02/2025 03:22:00
06/02/2025 03:23:00
06/02/2025 03:24:00
06/02/2025 03:25:00
06/02/2025 03:26:00
06/02/2025 03:27:00
06/02/2025 03:28:00
06/02/2025 03:29:00
06/02/2025 03:30:00
06/02/2025 03:31:00
06/02/2025 03:32:00
06/02/2025 03:33:00
06/02/2025 03:34:00
06/02/2025 03:35:00
06/02/2025 03:36:00
06/02/2025 03:37:00
06/02/2025 03:38:00
06/02/2025 03:39:00
06/02/2025 03:40:00
06/02/2025 03:41:00
06/02/2025 03:42:00
06/02/2025 03:43:00
06/02/2025 03:44:00
06/02/2025 03:45:00
06/02/2025 03:46:00
06/02/2025 03:47:00
06/02/2025 03:48:00
06/02/2025 03:49:00
06/02/2025 03:50:00
06/02/2025 03:51:00
06/02/2025 03:52:00
06/02/2025 03:53:00
06/02/2025 03:54:00
06/02/2025 03:55:00
06/02/2025 03:56:00
06/02/2025 03:57:00
06/02/2025 03:58:00
06/02/2025 03:59:00
